clang++ -o Machines/malicious-shamir-party.o Machines/malicious-shamir-party.cpp -DNO_AVX_OT -I./local/include  -I/opt/homebrew/include -I/opt/homebrew/opt/openssl@3/include  -Wextra -Wall -O3 -I. -I./deps -pthread    -DUSE_GF2N_LONG '-DPREP_DIR="Player-Data/"' '-DSSL_DIR="Player-Data/"'  -std=c++11 -Werror -Wno-error=deprecated-declarations -std=c++17 -fPIC -MMD -MP -c
In file included from Machines/malicious-shamir-party.cpp:8:
In file included from ./Machines/MalRep.hpp:13:
In file included from ./Machines/Rep.hpp:20:
In file included from ./GC/RepPrep.hpp:14:
./Protocols/ReplicatedPrep.hpp:971:17: error: no viable conversion from 'int128' to 'int'
  971 |             int masked = (*oit++).get();
      |                 ^        ~~~~~~~~~~~~~~
./Processor/Online-Thread.hpp:201:19: note: in instantiation of function template specialization 'RingPrep<MaliciousShamirShare<gfp_<0, 1>>>::sanitize<0>' requested here
  201 |                   sanitize<0>(
      |                   ^
./Processor/Online-Thread.hpp:357:8: note: in instantiation of member function 'thread_info<MaliciousShamirShare<gfp_<0, 1>>, MaliciousShamirShare<gf2n_long>>::Sub_Main_Func' requested here
  357 |     ti.Sub_Main_Func();
      |        ^
./Processor/Machine.hpp:185:65: note: in instantiation of member function 'thread_info<MaliciousShamirShare<gfp_<0, 1>>, MaliciousShamirShare<gf2n_long>>::Main_Func' requested here
  185 |       pthread_create(&threads[i],NULL,thread_info<sint, sgf2n>::Main_Func,&tinfo[i]);
      |                                                                 ^
./Processor/Machine.hpp:431:3: note: in instantiation of member function 'Machine<MaliciousShamirShare<gfp_<0, 1>>, MaliciousShamirShare<gf2n_long>>::prepare' requested here
  431 |   prepare(progname);
      |   ^
./Processor/OnlineMachine.hpp:193:70: note: in instantiation of member function 'Machine<MaliciousShamirShare<gfp_<0, 1>>, MaliciousShamirShare<gf2n_long>>::run' requested here
  193 |         Machine<T, U>(playerNames, use_encryption, online_opts, lg2).run(
      |                                                                      ^
./Processor/FieldMachine.hpp:47:5: note: in instantiation of function template specialization 'OnlineMachine::run<MaliciousShamirShare<gfp_<0, 1>>, MaliciousShamirShare<gf2n_long>>' requested here
   47 |     X(1) X(2) X(3) X(4)
      |     ^
./Processor/FieldMachine.hpp:44:26: note: expanded from macro 'X'
   44 |         machine.template run<T<gfp_<0, L>>, V<X>>(); \
      |                          ^
./Processor/FieldMachine.hpp:29:5: note: in instantiation of member function 'FieldMachine<MaliciousShamirShare, MaliciousShamirShare, HonestMajorityMachine>::FieldMachine' requested here
   29 |     FieldMachine<T, T, V>(argc, argv, opt, online_opts,
      |     ^
Machines/ShamirMachine.hpp:100:5: note: in instantiation of member function 'HonestMajorityFieldMachine<MaliciousShamirShare>::HonestMajorityFieldMachine' requested here
  100 |     HonestMajorityFieldMachine<T>(argc, argv, opt, opts.nparties);
      |     ^
Machines/malicious-shamir-party.cpp:14:5: note: in instantiation of member function 'ShamirMachineSpec<MaliciousShamirShare>::ShamirMachineSpec' requested here
   14 |     ShamirMachineSpec<MaliciousShamirShare>(argc, argv);
      |     ^
In file included from Machines/malicious-shamir-party.cpp:8:
In file included from ./Machines/MalRep.hpp:13:
In file included from ./Machines/Rep.hpp:15:
In file included from ./Protocols/Spdz2kPrep.hpp:12:
./Protocols/DabitSacrifice.hpp:80:15: error: invalid operands to binary expression ('typename MaliciousShamirShare<gfp_<0, 1>>::clear' (aka 'gfp_<0, 1>') and 'int128')
   80 |         if (a != b.get())
      |             ~ ^  ~~~~~~~
./Protocols/DabitSacrifice.hpp:101:5: note: in instantiation of member function 'DabitSacrifice<MaliciousShamirShare<gfp_<0, 1>>>::sacrifice_without_bit_check' requested here
  101 |     sacrifice_without_bit_check(to_check, check_dabits, proc, queues);
      |     ^
./Protocols/MaliciousRingPrep.hpp:38:21: note: in instantiation of member function 'DabitSacrifice<MaliciousShamirShare<gfp_<0, 1>>>::sacrifice_and_check_bits' requested here
   38 |     dabit_sacrifice.sacrifice_and_check_bits(this->dabits, check_dabits,
      |                     ^
./Protocols/MaliciousRingPrep.hpp:47:9: note: in instantiation of function template specialization 'MaliciousDabitOnlyPrep<MaliciousShamirShare<gfp_<0, 1>>>::buffer_dabits<0>' requested here
   47 |         buffer_dabits<0>(queues, false_type(), false_type());
      |         ^
./Protocols/MaliciousRingPrep.hpp:18:5: note: in instantiation of function template specialization 'MaliciousDabitOnlyPrep<MaliciousShamirShare<gfp_<0, 1>>>::buffer_dabits<0>' requested here
   18 |     buffer_dabits<0>(queues, T::clear::characteristic_two,
      |     ^
./Protocols/MaliciousRepPrep.hpp:44:30: note: in instantiation of member function 'MaliciousDabitOnlyPrep<MaliciousShamirShare<gfp_<0, 1>>>::buffer_dabits' requested here
   44 | MaliciousRepPrepWithBits<T>::MaliciousRepPrepWithBits(SubProcessor<T>* proc,
      |                              ^
./Processor/Data_Files.hpp:16:14: note: (skipping 4 contexts in backtrace; use -ftemplate-backtrace-limit=0 to see all)
   16 |   return new typename T::LivePrep(proc, usage);
      |              ^
./Processor/OnlineMachine.hpp:193:70: note: in instantiation of member function 'Machine<MaliciousShamirShare<gfp_<0, 1>>, MaliciousShamirShare<gf2n_long>>::run' requested here
  193 |         Machine<T, U>(playerNames, use_encryption, online_opts, lg2).run(
      |                                                                      ^
./Processor/FieldMachine.hpp:47:5: note: in instantiation of function template specialization 'OnlineMachine::run<MaliciousShamirShare<gfp_<0, 1>>, MaliciousShamirShare<gf2n_long>>' requested here
   47 |     X(1) X(2) X(3) X(4)
      |     ^
./Processor/FieldMachine.hpp:44:26: note: expanded from macro 'X'
   44 |         machine.template run<T<gfp_<0, L>>, V<X>>(); \
      |                          ^
./Processor/FieldMachine.hpp:29:5: note: in instantiation of member function 'FieldMachine<MaliciousShamirShare, MaliciousShamirShare, HonestMajorityMachine>::FieldMachine' requested here
   29 |     FieldMachine<T, T, V>(argc, argv, opt, online_opts,
      |     ^
Machines/ShamirMachine.hpp:100:5: note: in instantiation of member function 'HonestMajorityFieldMachine<MaliciousShamirShare>::HonestMajorityFieldMachine' requested here
  100 |     HonestMajorityFieldMachine<T>(argc, argv, opt, opts.nparties);
      |     ^
Machines/malicious-shamir-party.cpp:14:5: note: in instantiation of member function 'ShamirMachineSpec<MaliciousShamirShare>::ShamirMachineSpec' requested here
   14 |     ShamirMachineSpec<MaliciousShamirShare>(argc, argv);
      |     ^
/Library/Developer/CommandLineTools/SDKs/MacOSX.sdk/usr/include/c++/v1/__variant/monostate.h:38:45: note: candidate function not viable: no known conversion from 'typename MaliciousShamirShare<gfp_<0, 1>>::clear' (aka 'gfp_<0, 1>') to 'monostate' for 1st argument
   38 | _LIBCPP_HIDE_FROM_ABI inline constexpr bool operator!=(monostate, monostate) noexcept { return false; }
      |                                             ^          ~~~~~~~~~
/Library/Developer/CommandLineTools/SDKs/MacOSX.sdk/usr/include/c++/v1/__system_error/error_condition.h:102:35: note: candidate function not viable: no known conversion from 'typename MaliciousShamirShare<gfp_<0, 1>>::clear' (aka 'gfp_<0, 1>') to 'const error_condition' for 1st argument
  102 | inline _LIBCPP_HIDE_FROM_ABI bool operator!=(const error_condition& __x, const error_condition& __y) _NOEXCEPT {
      |                                   ^          ~~~~~~~~~~~~~~~~~~~~~~~~~~
/Library/Developer/CommandLineTools/SDKs/MacOSX.sdk/usr/include/c++/v1/__system_error/error_code.h:108:35: note: candidate function not viable: no known conversion from 'typename MaliciousShamirShare<gfp_<0, 1>>::clear' (aka 'gfp_<0, 1>') to 'const error_code' for 1st argument
  108 | inline _LIBCPP_HIDE_FROM_ABI bool operator!=(const error_code& __x, const error_code& __y) _NOEXCEPT {
      |                                   ^          ~~~~~~~~~~~~~~~~~~~~~
/Library/Developer/CommandLineTools/SDKs/MacOSX.sdk/usr/include/c++/v1/__system_error/error_code.h:112:35: note: candidate function not viable: no known conversion from 'typename MaliciousShamirShare<gfp_<0, 1>>::clear' (aka 'gfp_<0, 1>') to 'const error_code' for 1st argument
  112 | inline _LIBCPP_HIDE_FROM_ABI bool operator!=(const error_code& __x, const error_condition& __y) _NOEXCEPT {
      |                                   ^          ~~~~~~~~~~~~~~~~~~~~~
/Library/Developer/CommandLineTools/SDKs/MacOSX.sdk/usr/include/c++/v1/__system_error/error_code.h:116:35: note: candidate function not viable: no known conversion from 'typename MaliciousShamirShare<gfp_<0, 1>>::clear' (aka 'gfp_<0, 1>') to 'const error_condition' for 1st argument
  116 | inline _LIBCPP_HIDE_FROM_ABI bool operator!=(const error_condition& __x, const error_code& __y) _NOEXCEPT {
      |                                   ^          ~~~~~~~~~~~~~~~~~~~~~~~~~~
/Library/Developer/CommandLineTools/SDKs/MacOSX.sdk/usr/include/c++/v1/__thread/id.h:89:35: note: candidate function not viable: no known conversion from 'typename MaliciousShamirShare<gfp_<0, 1>>::clear' (aka 'gfp_<0, 1>') to '__thread_id' for 1st argument
   89 | inline _LIBCPP_HIDE_FROM_ABI bool operator!=(__thread_id __x, __thread_id __y) _NOEXCEPT { return !(__x == __y); }
      |                                   ^          ~~~~~~~~~~~~~~~
/Library/Developer/CommandLineTools/SDKs/MacOSX.sdk/usr/include/c++/v1/__utility/pair.h:512:1: note: candidate template ignored: could not match 'pair' against 'gfp_'
  512 | operator!=(const pair<_T1, _T2>& __x, const pair<_U1, _U2>& __y) {
      | ^
/Library/Developer/CommandLineTools/SDKs/MacOSX.sdk/usr/include/c++/v1/__iterator/reverse_iterator.h:230:1: note: candidate template ignored: could not match 'reverse_iterator' against 'gfp_'
  230 | operator!=(const reverse_iterator<_Iter1>& __x, const reverse_iterator<_Iter2>& __y)
      | ^
/Library/Developer/CommandLineTools/SDKs/MacOSX.sdk/usr/include/c++/v1/__iterator/wrap_iter.h:140:1: note: candidate template ignored: could not match '__wrap_iter' against 'gfp_'
  140 | operator!=(const __wrap_iter<_Iter1>& __x, const __wrap_iter<_Iter1>& __y) _NOEXCEPT {
      | ^
/Library/Developer/CommandLineTools/SDKs/MacOSX.sdk/usr/include/c++/v1/__iterator/wrap_iter.h:146:1: note: candidate template ignored: could not match '__wrap_iter' against 'gfp_'
  146 | operator!=(const __wrap_iter<_Iter1>& __x, const __wrap_iter<_Iter2>& __y) _NOEXCEPT {
      | ^
/Library/Developer/CommandLineTools/SDKs/MacOSX.sdk/usr/include/c++/v1/string_view:762:1: note: candidate template ignored: could not match 'basic_string_view' against 'gfp_'
  762 | operator!=(basic_string_view<_CharT, _Traits> __lhs, basic_string_view<_CharT, _Traits> __rhs) _NOEXCEPT {
      | ^
/Library/Developer/CommandLineTools/SDKs/MacOSX.sdk/usr/include/c++/v1/string_view:770:1: note: candidate template ignored: could not match 'basic_string_view' against 'gfp_'
  770 | operator!=(basic_string_view<_CharT, _Traits> __lhs,
      | ^
/Library/Developer/CommandLineTools/SDKs/MacOSX.sdk/usr/include/c++/v1/string_view:779:1: note: candidate template ignored: could not match 'basic_string_view<_CharT, _Traits>' against 'int128'
  779 | operator!=(__type_identity_t<basic_string_view<_CharT, _Traits> > __lhs,
      | ^
/Library/Developer/CommandLineTools/SDKs/MacOSX.sdk/usr/include/c++/v1/optional:999:1: note: candidate template ignored: could not match 'optional' against 'gfp_'
  999 | operator!=(const optional<_Tp>& __x, const optional<_Up>& __y) {
      | ^
/Library/Developer/CommandLineTools/SDKs/MacOSX.sdk/usr/include/c++/v1/optional:1081:38: note: candidate template ignored: could not match 'optional' against 'gfp_'
 1081 | _LIBCPP_HIDE_FROM_ABI constexpr bool operator!=(const optional<_Tp>& __x, nullopt_t) noexcept {
      |                                      ^
/Library/Developer/CommandLineTools/SDKs/MacOSX.sdk/usr/include/c++/v1/optional:1086:38: note: candidate template ignored: could not match 'optional<_Tp>' against 'int128'
 1086 | _LIBCPP_HIDE_FROM_ABI constexpr bool operator!=(nullopt_t, const optional<_Tp>& __x) noexcept {
      |                                      ^
/Library/Developer/CommandLineTools/SDKs/MacOSX.sdk/usr/include/c++/v1/optional:1160:1: note: candidate template ignored: could not match 'optional' against 'gfp_'
 1160 | operator!=(const optional<_Tp>& __x, const _Up& __v) {
      | ^
/Library/Developer/CommandLineTools/SDKs/MacOSX.sdk/usr/include/c++/v1/optional:1168:1: note: candidate template ignored: could not match 'optional<_Up>' against 'int128'
 1168 | operator!=(const _Tp& __v, const optional<_Up>& __x) {
      | ^
/Library/Developer/CommandLineTools/SDKs/MacOSX.sdk/usr/include/c++/v1/__iterator/istream_iterator.h:93:35: note: candidate template ignored: could not match 'istream_iterator' against 'gfp_'
   93 | inline _LIBCPP_HIDE_FROM_ABI bool operator!=(const istream_iterator<_Tp, _CharT, _Traits, _Distance>& __x,
      |                                   ^
/Library/Developer/CommandLineTools/SDKs/MacOSX.sdk/usr/include/c++/v1/__iterator/istreambuf_iterator.h:102:1: note: candidate template ignored: could not match 'istreambuf_iterator' against 'gfp_'
  102 | operator!=(const istreambuf_iterator<_CharT, _Traits>& __a, const istreambuf_iterator<_CharT, _Traits>& __b) {
      | ^
/Library/Developer/CommandLineTools/SDKs/MacOSX.sdk/usr/include/c++/v1/__iterator/move_iterator.h:262:1: note: candidate template ignored: could not match 'move_iterator' against 'gfp_'
  262 | operator!=(const move_iterator<_Iter1>& __x, const move_iterator<_Iter2>& __y) {
      | ^
/Library/Developer/CommandLineTools/SDKs/MacOSX.sdk/usr/include/c++/v1/variant:1500:38: note: candidate template ignored: could not match 'variant' against 'gfp_'
 1500 | _LIBCPP_HIDE_FROM_ABI constexpr bool operator!=(const variant<_Types...>& __lhs, const variant<_Types...>& __rhs) {
      |                                      ^
/Library/Developer/CommandLineTools/SDKs/MacOSX.sdk/usr/include/c++/v1/tuple:1179:1: note: candidate template ignored: could not match 'tuple' against 'gfp_'
 1179 | operator!=(const tuple<_Tp...>& __x, const tuple<_Up...>& __y) {
      | ^
/Library/Developer/CommandLineTools/SDKs/MacOSX.sdk/usr/include/c++/v1/__memory/allocator.h:260:35: note: candidate template ignored: could not match 'allocator' against 'gfp_'
  260 | inline _LIBCPP_HIDE_FROM_ABI bool operator!=(const allocator<_Tp>&, const allocator<_Up>&) _NOEXCEPT {
      |                                   ^
/Library/Developer/CommandLineTools/SDKs/MacOSX.sdk/usr/include/c++/v1/__memory/unique_ptr.h:503:35: note: candidate template ignored: could not match 'unique_ptr' against 'gfp_'
  503 | inline _LIBCPP_HIDE_FROM_ABI bool operator!=(const unique_ptr<_T1, _D1>& __x, const unique_ptr<_T2, _D2>& __y) {
      |                                   ^
/Library/Developer/CommandLineTools/SDKs/MacOSX.sdk/usr/include/c++/v1/__memory/unique_ptr.h:554:35: note: candidate template ignored: could not match 'unique_ptr' against 'gfp_'
  554 | inline _LIBCPP_HIDE_FROM_ABI bool operator!=(const unique_ptr<_T1, _D1>& __x, nullptr_t) _NOEXCEPT {
      |                                   ^
/Library/Developer/CommandLineTools/SDKs/MacOSX.sdk/usr/include/c++/v1/__memory/unique_ptr.h:559:35: note: candidate template ignored: could not match 'unique_ptr<_T1, _D1>' against 'int128'
  559 | inline _LIBCPP_HIDE_FROM_ABI bool operator!=(nullptr_t, const unique_ptr<_T1, _D1>& __x) _NOEXCEPT {
      |                                   ^
/Library/Developer/CommandLineTools/SDKs/MacOSX.sdk/usr/include/c++/v1/__memory/shared_ptr.h:1132:35: note: candidate template ignored: could not match 'shared_ptr' against 'gfp_'
 1132 | inline _LIBCPP_HIDE_FROM_ABI bool operator!=(const shared_ptr<_Tp>& __x, const shared_ptr<_Up>& __y) _NOEXCEPT {
      |                                   ^
/Library/Developer/CommandLineTools/SDKs/MacOSX.sdk/usr/include/c++/v1/__memory/shared_ptr.h:1183:35: note: candidate template ignored: could not match 'shared_ptr' against 'gfp_'
 1183 | inline _LIBCPP_HIDE_FROM_ABI bool operator!=(const shared_ptr<_Tp>& __x, nullptr_t) _NOEXCEPT {
      |                                   ^
/Library/Developer/CommandLineTools/SDKs/MacOSX.sdk/usr/include/c++/v1/__memory/shared_ptr.h:1188:35: note: candidate template ignored: could not match 'shared_ptr<_Tp>' against 'int128'
 1188 | inline _LIBCPP_HIDE_FROM_ABI bool operator!=(nullptr_t, const shared_ptr<_Tp>& __x) _NOEXCEPT {
      |                                   ^
/Library/Developer/CommandLineTools/SDKs/MacOSX.sdk/usr/include/c++/v1/__ios/fpos.h:70:35: note: candidate template ignored: could not match 'fpos' against 'gfp_'
   70 | inline _LIBCPP_HIDE_FROM_ABI bool operator!=(const fpos<_StateT>& __x, const fpos<_StateT>& __y) {
      |                                   ^
/Library/Developer/CommandLineTools/SDKs/MacOSX.sdk/usr/include/c++/v1/string:3888:35: note: candidate template ignored: could not match 'basic_string' against 'gfp_'
 3888 | inline _LIBCPP_HIDE_FROM_ABI bool operator!=(const basic_string<_CharT, _Traits, _Allocator>& __lhs,
      |                                   ^
/Library/Developer/CommandLineTools/SDKs/MacOSX.sdk/usr/include/c++/v1/string:3895:1: note: candidate template ignored: could not match 'const _CharT *' against 'typename MaliciousShamirShare<gfp_<0, 1>>::clear' (aka 'gfp_<0, 1>')
 3895 | operator!=(const _CharT* __lhs, const basic_string<_CharT, _Traits, _Allocator>& __rhs) _NOEXCEPT {
      | ^
/Library/Developer/CommandLineTools/SDKs/MacOSX.sdk/usr/include/c++/v1/string:3901:1: note: candidate template ignored: could not match 'basic_string' against 'gfp_'
 3901 | operator!=(const basic_string<_CharT, _Traits, _Allocator>& __lhs, const _CharT* __rhs) _NOEXCEPT {
      | ^
/Library/Developer/CommandLineTools/SDKs/MacOSX.sdk/usr/include/c++/v1/array:396:35: note: candidate template ignored: could not match 'array' against 'gfp_'
  396 | inline _LIBCPP_HIDE_FROM_ABI bool operator!=(const array<_Tp, _Size>& __x, const array<_Tp, _Size>& __y) {
      |                                   ^
/Library/Developer/CommandLineTools/SDKs/MacOSX.sdk/usr/include/c++/v1/vector:2915:35: note: candidate template ignored: could not match 'vector' against 'gfp_'
 2915 | inline _LIBCPP_HIDE_FROM_ABI bool operator!=(const vector<_Tp, _Allocator>& __x, const vector<_Tp, _Allocator>& __y) {
      |                                   ^
/Library/Developer/CommandLineTools/SDKs/MacOSX.sdk/usr/include/c++/v1/list:1659:35: note: candidate template ignored: could not match 'list' against 'gfp_'
 1659 | inline _LIBCPP_HIDE_FROM_ABI bool operator!=(const list<_Tp, _Alloc>& __x, const list<_Tp, _Alloc>& __y) {
      |                                   ^
/Library/Developer/CommandLineTools/SDKs/MacOSX.sdk/usr/include/c++/v1/__functional/function.h:1026:35: note: candidate template ignored: could not match 'function' against 'gfp_'
 1026 | inline _LIBCPP_HIDE_FROM_ABI bool operator!=(const function<_Rp(_ArgTypes...)>& __f, nullptr_t) _NOEXCEPT {
      |                                   ^
/Library/Developer/CommandLineTools/SDKs/MacOSX.sdk/usr/include/c++/v1/__functional/function.h:1031:35: note: candidate template ignored: could not match 'function<_Rp (_ArgTypes...)>' against 'int128'
 1031 | inline _LIBCPP_HIDE_FROM_ABI bool operator!=(nullptr_t, const function<_Rp(_ArgTypes...)>& __f) _NOEXCEPT {
      |                                   ^
/Library/Developer/CommandLineTools/SDKs/MacOSX.sdk/usr/include/c++/v1/unordered_map:1819:35: note: candidate template ignored: could not match 'unordered_map' against 'gfp_'
 1819 | inline _LIBCPP_HIDE_FROM_ABI bool operator!=(const unordered_map<_Key, _Tp, _Hash, _Pred, _Alloc>& __x,
      |                                   ^
/Library/Developer/CommandLineTools/SDKs/MacOSX.sdk/usr/include/c++/v1/unordered_map:2509:35: note: candidate template ignored: could not match 'unordered_multimap' against 'gfp_'
 2509 | inline _LIBCPP_HIDE_FROM_ABI bool operator!=(const unordered_multimap<_Key, _Tp, _Hash, _Pred, _Alloc>& __x,
      |                                   ^
/Library/Developer/CommandLineTools/SDKs/MacOSX.sdk/usr/include/c++/v1/map:1593:1: note: candidate template ignored: could not match 'map' against 'gfp_'
 1593 | operator!=(const map<_Key, _Tp, _Compare, _Allocator>& __x, const map<_Key, _Tp, _Compare, _Allocator>& __y) {
      | ^
/Library/Developer/CommandLineTools/SDKs/MacOSX.sdk/usr/include/c++/v1/map:2106:1: note: candidate template ignored: could not match 'multimap' against 'gfp_'
 2106 | operator!=(const multimap<_Key, _Tp, _Compare, _Allocator>& __x, const multimap<_Key, _Tp, _Compare, _Allocator>& __y) {
      | ^
/Library/Developer/CommandLineTools/SDKs/MacOSX.sdk/usr/include/c++/v1/deque:2530:35: note: candidate template ignored: could not match 'deque' against 'gfp_'
 2530 | inline _LIBCPP_HIDE_FROM_ABI bool operator!=(const deque<_Tp, _Allocator>& __x, const deque<_Tp, _Allocator>& __y) {
      |                                   ^
/Library/Developer/CommandLineTools/SDKs/MacOSX.sdk/usr/include/c++/v1/queue:473:35: note: candidate template ignored: could not match 'queue' against 'gfp_'
  473 | inline _LIBCPP_HIDE_FROM_ABI bool operator!=(const queue<_Tp, _Container>& __x, const queue<_Tp, _Container>& __y) {
      |                                   ^
/Library/Developer/CommandLineTools/SDKs/MacOSX.sdk/usr/include/c++/v1/stack:329:35: note: candidate template ignored: could not match 'stack' against 'gfp_'
  329 | inline _LIBCPP_HIDE_FROM_ABI bool operator!=(const stack<_Tp, _Container>& __x, const stack<_Tp, _Container>& __y) {
      |                                   ^
/Library/Developer/CommandLineTools/SDKs/MacOSX.sdk/usr/include/c++/v1/set:969:1: note: candidate template ignored: could not match 'set' against 'gfp_'
  969 | operator!=(const set<_Key, _Compare, _Allocator>& __x, const set<_Key, _Compare, _Allocator>& __y) {
      | ^
/Library/Developer/CommandLineTools/SDKs/MacOSX.sdk/usr/include/c++/v1/set:1428:1: note: candidate template ignored: could not match 'multiset' against 'gfp_'
 1428 | operator!=(const multiset<_Key, _Compare, _Allocator>& __x, const multiset<_Key, _Compare, _Allocator>& __y) {
      | ^
/opt/homebrew/include/gmpxx.h:3340:41: note: candidate template ignored: could not match '__gmp_expr' against 'gfp_'
 3340 | __GMP_DEFINE_BINARY_TYPE_FUNCTION(bool, operator!=, ! __gmp_binary_equal)
      |                                         ^
/opt/homebrew/include/gmpxx.h:3340:41: note: candidate template ignored: could not match '__gmp_expr' against 'gfp_'
/opt/homebrew/include/gmpxx.h:3340:41: note: candidate template ignored: could not match '__gmp_expr<T, U>' against 'int128'
/opt/homebrew/include/gmpxx.h:3340:41: note: candidate template ignored: could not match '__gmp_expr' against 'gfp_'
/opt/homebrew/include/gmpxx.h:3340:41: note: candidate template ignored: could not match '__gmp_expr<T, U>' against 'int128'
/opt/homebrew/include/gmpxx.h:3340:41: note: candidate template ignored: could not match '__gmp_expr' against 'gfp_'
/opt/homebrew/include/gmpxx.h:3340:41: note: candidate template ignored: could not match '__gmp_expr<T, U>' against 'int128'
/opt/homebrew/include/gmpxx.h:3340:41: note: candidate template ignored: could not match '__gmp_expr' against 'gfp_'
/opt/homebrew/include/gmpxx.h:3340:41: note: candidate template ignored: could not match '__gmp_expr<T, U>' against 'int128'
/opt/homebrew/include/gmpxx.h:3340:41: note: candidate template ignored: could not match '__gmp_expr' against 'gfp_'
/opt/homebrew/include/gmpxx.h:3340:41: note: candidate template ignored: could not match '__gmp_expr<T, U>' against 'int128'
/opt/homebrew/include/gmpxx.h:3340:41: note: candidate template ignored: could not match '__gmp_expr' against 'gfp_'
/opt/homebrew/include/gmpxx.h:3340:41: note: candidate template ignored: could not match '__gmp_expr<T, U>' against 'int128'
/opt/homebrew/include/gmpxx.h:3340:41: note: candidate template ignored: could not match '__gmp_expr' against 'gfp_'
/opt/homebrew/include/gmpxx.h:3340:41: note: candidate template ignored: could not match '__gmp_expr<T, U>' against 'int128'
/opt/homebrew/include/gmpxx.h:3340:41: note: candidate template ignored: could not match '__gmp_expr' against 'gfp_'
/opt/homebrew/include/gmpxx.h:3340:41: note: candidate template ignored: could not match '__gmp_expr<T, U>' against 'int128'
/opt/homebrew/include/gmpxx.h:3340:41: note: candidate template ignored: could not match '__gmp_expr' against 'gfp_'
/opt/homebrew/include/gmpxx.h:3340:41: note: candidate template ignored: could not match '__gmp_expr<T, U>' against 'int128'
/opt/homebrew/include/gmpxx.h:3340:41: note: candidate template ignored: could not match '__gmp_expr' against 'gfp_'
/opt/homebrew/include/gmpxx.h:3340:41: note: candidate template ignored: could not match '__gmp_expr<T, U>' against 'int128'
/Library/Developer/CommandLineTools/SDKs/MacOSX.sdk/usr/include/c++/v1/forward_list:1489:1: note: candidate template ignored: could not match 'forward_list' against 'gfp_'
 1489 | operator!=(const forward_list<_Tp, _Alloc>& __x, const forward_list<_Tp, _Alloc>& __y) {
      | ^
./Math/gfp.h:186:8: note: candidate function not viable: no known conversion from 'int128' to 'const gfp_<0, 1>' for 1st argument
  186 |   bool operator!=(const gfp_& y) const { return !equal(y); }
      |        ^          ~~~~~~~~~~~~~
In file included from Machines/malicious-shamir-party.cpp:8:
In file included from ./Machines/MalRep.hpp:9:
In file included from ./Protocols/MalRepRingPrep.hpp:15:
./Protocols/ShuffleSacrifice.hpp:120:42: error: invalid operands to binary expression ('typename MaliciousShamirShare<gfp_<0, 1>>::clear' (aka 'gfp_<0, 1>') and 'int128')
  120 |         if (typename T::clear(opened[i]) != bits[i].get())
      |             ~~~~~~~~~~~~~~~~~~~~~~~~~~~~ ^  ~~~~~~~~~~~~~
./Protocols/MaliciousRingPrep.hpp:55:27: note: in instantiation of member function 'DabitShuffleSacrifice<MaliciousShamirShare<gfp_<0, 1>>>::dabit_sacrifice' requested here
   55 |         shuffle_sacrifice.dabit_sacrifice(this->dabits, check_dabits, *this->proc,
      |                           ^
./Protocols/MaliciousRingPrep.hpp:18:5: note: in instantiation of function template specialization 'MaliciousDabitOnlyPrep<MaliciousShamirShare<gfp_<0, 1>>>::buffer_dabits<0>' requested here
   18 |     buffer_dabits<0>(queues, T::clear::characteristic_two,
      |     ^
./Protocols/MaliciousRepPrep.hpp:44:30: note: in instantiation of member function 'MaliciousDabitOnlyPrep<MaliciousShamirShare<gfp_<0, 1>>>::buffer_dabits' requested here
   44 | MaliciousRepPrepWithBits<T>::MaliciousRepPrepWithBits(SubProcessor<T>* proc,
      |                              ^
./Processor/Data_Files.hpp:16:14: note: in instantiation of member function 'MaliciousRepPrepWithBits<MaliciousShamirShare<gfp_<0, 1>>>::MaliciousRepPrepWithBits' requested here
   16 |   return new typename T::LivePrep(proc, usage);
      |              ^
./Processor/Data_Files.hpp:26:12: note: in instantiation of member function 'Preprocessing<MaliciousShamirShare<gfp_<0, 1>>>::get_live_prep' requested here
   26 |     return get_live_prep(proc, usage);
      |            ^
./Processor/Data_Files.hpp:153:34: note: (skipping 2 contexts in backtrace; use -ftemplate-backtrace-limit=0 to see all)
  153 |     DataFp(*Preprocessing<sint>::get_new(machine, usage, procp)),
      |                                  ^
./Processor/OnlineMachine.hpp:193:70: note: in instantiation of member function 'Machine<MaliciousShamirShare<gfp_<0, 1>>, MaliciousShamirShare<gf2n_long>>::run' requested here
  193 |         Machine<T, U>(playerNames, use_encryption, online_opts, lg2).run(
      |                                                                      ^
./Processor/FieldMachine.hpp:47:5: note: in instantiation of function template specialization 'OnlineMachine::run<MaliciousShamirShare<gfp_<0, 1>>, MaliciousShamirShare<gf2n_long>>' requested here
   47 |     X(1) X(2) X(3) X(4)
      |     ^
./Processor/FieldMachine.hpp:44:26: note: expanded from macro 'X'
   44 |         machine.template run<T<gfp_<0, L>>, V<X>>(); \
      |                          ^
./Processor/FieldMachine.hpp:29:5: note: in instantiation of member function 'FieldMachine<MaliciousShamirShare, MaliciousShamirShare, HonestMajorityMachine>::FieldMachine' requested here
   29 |     FieldMachine<T, T, V>(argc, argv, opt, online_opts,
      |     ^
Machines/ShamirMachine.hpp:100:5: note: in instantiation of member function 'HonestMajorityFieldMachine<MaliciousShamirShare>::HonestMajorityFieldMachine' requested here
  100 |     HonestMajorityFieldMachine<T>(argc, argv, opt, opts.nparties);
      |     ^
Machines/malicious-shamir-party.cpp:14:5: note: in instantiation of member function 'ShamirMachineSpec<MaliciousShamirShare>::ShamirMachineSpec' requested here
   14 |     ShamirMachineSpec<MaliciousShamirShare>(argc, argv);
      |     ^
/Library/Developer/CommandLineTools/SDKs/MacOSX.sdk/usr/include/c++/v1/__variant/monostate.h:38:45: note: candidate function not viable: no known conversion from 'typename MaliciousShamirShare<gfp_<0, 1>>::clear' (aka 'gfp_<0, 1>') to 'monostate' for 1st argument
   38 | _LIBCPP_HIDE_FROM_ABI inline constexpr bool operator!=(monostate, monostate) noexcept { return false; }
      |                                             ^          ~~~~~~~~~
/Library/Developer/CommandLineTools/SDKs/MacOSX.sdk/usr/include/c++/v1/__system_error/error_condition.h:102:35: note: candidate function not viable: no known conversion from 'typename MaliciousShamirShare<gfp_<0, 1>>::clear' (aka 'gfp_<0, 1>') to 'const error_condition' for 1st argument
  102 | inline _LIBCPP_HIDE_FROM_ABI bool operator!=(const error_condition& __x, const error_condition& __y) _NOEXCEPT {
      |                                   ^          ~~~~~~~~~~~~~~~~~~~~~~~~~~
/Library/Developer/CommandLineTools/SDKs/MacOSX.sdk/usr/include/c++/v1/__system_error/error_code.h:108:35: note: candidate function not viable: no known conversion from 'typename MaliciousShamirShare<gfp_<0, 1>>::clear' (aka 'gfp_<0, 1>') to 'const error_code' for 1st argument
  108 | inline _LIBCPP_HIDE_FROM_ABI bool operator!=(const error_code& __x, const error_code& __y) _NOEXCEPT {
      |                                   ^          ~~~~~~~~~~~~~~~~~~~~~
/Library/Developer/CommandLineTools/SDKs/MacOSX.sdk/usr/include/c++/v1/__system_error/error_code.h:112:35: note: candidate function not viable: no known conversion from 'typename MaliciousShamirShare<gfp_<0, 1>>::clear' (aka 'gfp_<0, 1>') to 'const error_code' for 1st argument
  112 | inline _LIBCPP_HIDE_FROM_ABI bool operator!=(const error_code& __x, const error_condition& __y) _NOEXCEPT {
      |                                   ^          ~~~~~~~~~~~~~~~~~~~~~
/Library/Developer/CommandLineTools/SDKs/MacOSX.sdk/usr/include/c++/v1/__system_error/error_code.h:116:35: note: candidate function not viable: no known conversion from 'typename MaliciousShamirShare<gfp_<0, 1>>::clear' (aka 'gfp_<0, 1>') to 'const error_condition' for 1st argument
  116 | inline _LIBCPP_HIDE_FROM_ABI bool operator!=(const error_condition& __x, const error_code& __y) _NOEXCEPT {
      |                                   ^          ~~~~~~~~~~~~~~~~~~~~~~~~~~
/Library/Developer/CommandLineTools/SDKs/MacOSX.sdk/usr/include/c++/v1/__thread/id.h:89:35: note: candidate function not viable: no known conversion from 'typename MaliciousShamirShare<gfp_<0, 1>>::clear' (aka 'gfp_<0, 1>') to '__thread_id' for 1st argument
   89 | inline _LIBCPP_HIDE_FROM_ABI bool operator!=(__thread_id __x, __thread_id __y) _NOEXCEPT { return !(__x == __y); }
      |                                   ^          ~~~~~~~~~~~~~~~
/Library/Developer/CommandLineTools/SDKs/MacOSX.sdk/usr/include/c++/v1/__utility/pair.h:512:1: note: candidate template ignored: could not match 'pair' against 'MaliciousShamirShare<gfp_<0, 1> >::gfp_'
  512 | operator!=(const pair<_T1, _T2>& __x, const pair<_U1, _U2>& __y) {
      | ^
/Library/Developer/CommandLineTools/SDKs/MacOSX.sdk/usr/include/c++/v1/__iterator/reverse_iterator.h:230:1: note: candidate template ignored: could not match 'reverse_iterator' against 'MaliciousShamirShare<gfp_<0, 1> >::gfp_'
  230 | operator!=(const reverse_iterator<_Iter1>& __x, const reverse_iterator<_Iter2>& __y)
      | ^
/Library/Developer/CommandLineTools/SDKs/MacOSX.sdk/usr/include/c++/v1/__iterator/wrap_iter.h:140:1: note: candidate template ignored: could not match '__wrap_iter' against 'MaliciousShamirShare<gfp_<0, 1> >::gfp_'
  140 | operator!=(const __wrap_iter<_Iter1>& __x, const __wrap_iter<_Iter1>& __y) _NOEXCEPT {
      | ^
/Library/Developer/CommandLineTools/SDKs/MacOSX.sdk/usr/include/c++/v1/__iterator/wrap_iter.h:146:1: note: candidate template ignored: could not match '__wrap_iter' against 'MaliciousShamirShare<gfp_<0, 1> >::gfp_'
  146 | operator!=(const __wrap_iter<_Iter1>& __x, const __wrap_iter<_Iter2>& __y) _NOEXCEPT {
      | ^
/Library/Developer/CommandLineTools/SDKs/MacOSX.sdk/usr/include/c++/v1/string_view:762:1: note: candidate template ignored: could not match 'basic_string_view' against 'MaliciousShamirShare<gfp_<0, 1> >::gfp_'
  762 | operator!=(basic_string_view<_CharT, _Traits> __lhs, basic_string_view<_CharT, _Traits> __rhs) _NOEXCEPT {
      | ^
/Library/Developer/CommandLineTools/SDKs/MacOSX.sdk/usr/include/c++/v1/string_view:770:1: note: candidate template ignored: could not match 'basic_string_view' against 'MaliciousShamirShare<gfp_<0, 1> >::gfp_'
  770 | operator!=(basic_string_view<_CharT, _Traits> __lhs,
      | ^
/Library/Developer/CommandLineTools/SDKs/MacOSX.sdk/usr/include/c++/v1/string_view:779:1: note: candidate template ignored: could not match 'basic_string_view<_CharT, _Traits>' against 'int128'
  779 | operator!=(__type_identity_t<basic_string_view<_CharT, _Traits> > __lhs,
      | ^
/Library/Developer/CommandLineTools/SDKs/MacOSX.sdk/usr/include/c++/v1/optional:999:1: note: candidate template ignored: could not match 'optional' against 'MaliciousShamirShare<gfp_<0, 1> >::gfp_'
  999 | operator!=(const optional<_Tp>& __x, const optional<_Up>& __y) {
      | ^
/Library/Developer/CommandLineTools/SDKs/MacOSX.sdk/usr/include/c++/v1/optional:1081:38: note: candidate template ignored: could not match 'optional' against 'MaliciousShamirShare<gfp_<0, 1> >::gfp_'
 1081 | _LIBCPP_HIDE_FROM_ABI constexpr bool operator!=(const optional<_Tp>& __x, nullopt_t) noexcept {
      |                                      ^
/Library/Developer/CommandLineTools/SDKs/MacOSX.sdk/usr/include/c++/v1/optional:1086:38: note: candidate template ignored: could not match 'optional<_Tp>' against 'int128'
 1086 | _LIBCPP_HIDE_FROM_ABI constexpr bool operator!=(nullopt_t, const optional<_Tp>& __x) noexcept {
      |                                      ^
/Library/Developer/CommandLineTools/SDKs/MacOSX.sdk/usr/include/c++/v1/optional:1160:1: note: candidate template ignored: could not match 'optional' against 'MaliciousShamirShare<gfp_<0, 1> >::gfp_'
 1160 | operator!=(const optional<_Tp>& __x, const _Up& __v) {
      | ^
/Library/Developer/CommandLineTools/SDKs/MacOSX.sdk/usr/include/c++/v1/optional:1168:1: note: candidate template ignored: could not match 'optional<_Up>' against 'int128'
 1168 | operator!=(const _Tp& __v, const optional<_Up>& __x) {
      | ^
/Library/Developer/CommandLineTools/SDKs/MacOSX.sdk/usr/include/c++/v1/__iterator/istream_iterator.h:93:35: note: candidate template ignored: could not match 'istream_iterator' against 'MaliciousShamirShare<gfp_<0, 1> >::gfp_'
   93 | inline _LIBCPP_HIDE_FROM_ABI bool operator!=(const istream_iterator<_Tp, _CharT, _Traits, _Distance>& __x,
      |                                   ^
/Library/Developer/CommandLineTools/SDKs/MacOSX.sdk/usr/include/c++/v1/__iterator/istreambuf_iterator.h:102:1: note: candidate template ignored: could not match 'istreambuf_iterator' against 'MaliciousShamirShare<gfp_<0, 1> >::gfp_'
  102 | operator!=(const istreambuf_iterator<_CharT, _Traits>& __a, const istreambuf_iterator<_CharT, _Traits>& __b) {
      | ^
/Library/Developer/CommandLineTools/SDKs/MacOSX.sdk/usr/include/c++/v1/__iterator/move_iterator.h:262:1: note: candidate template ignored: could not match 'move_iterator' against 'MaliciousShamirShare<gfp_<0, 1> >::gfp_'
  262 | operator!=(const move_iterator<_Iter1>& __x, const move_iterator<_Iter2>& __y) {
      | ^
/Library/Developer/CommandLineTools/SDKs/MacOSX.sdk/usr/include/c++/v1/variant:1500:38: note: candidate template ignored: could not match 'variant' against 'MaliciousShamirShare<gfp_<0, 1> >::gfp_'
 1500 | _LIBCPP_HIDE_FROM_ABI constexpr bool operator!=(const variant<_Types...>& __lhs, const variant<_Types...>& __rhs) {
      |                                      ^
/Library/Developer/CommandLineTools/SDKs/MacOSX.sdk/usr/include/c++/v1/tuple:1179:1: note: candidate template ignored: could not match 'tuple' against 'MaliciousShamirShare<gfp_<0, 1> >::gfp_'
 1179 | operator!=(const tuple<_Tp...>& __x, const tuple<_Up...>& __y) {
      | ^
/Library/Developer/CommandLineTools/SDKs/MacOSX.sdk/usr/include/c++/v1/__memory/allocator.h:260:35: note: candidate template ignored: could not match 'allocator' against 'MaliciousShamirShare<gfp_<0, 1> >::gfp_'
  260 | inline _LIBCPP_HIDE_FROM_ABI bool operator!=(const allocator<_Tp>&, const allocator<_Up>&) _NOEXCEPT {
      |                                   ^
/Library/Developer/CommandLineTools/SDKs/MacOSX.sdk/usr/include/c++/v1/__memory/unique_ptr.h:503:35: note: candidate template ignored: could not match 'unique_ptr' against 'MaliciousShamirShare<gfp_<0, 1> >::gfp_'
  503 | inline _LIBCPP_HIDE_FROM_ABI bool operator!=(const unique_ptr<_T1, _D1>& __x, const unique_ptr<_T2, _D2>& __y) {
      |                                   ^
/Library/Developer/CommandLineTools/SDKs/MacOSX.sdk/usr/include/c++/v1/__memory/unique_ptr.h:554:35: note: candidate template ignored: could not match 'unique_ptr' against 'MaliciousShamirShare<gfp_<0, 1> >::gfp_'
  554 | inline _LIBCPP_HIDE_FROM_ABI bool operator!=(const unique_ptr<_T1, _D1>& __x, nullptr_t) _NOEXCEPT {
      |                                   ^
/Library/Developer/CommandLineTools/SDKs/MacOSX.sdk/usr/include/c++/v1/__memory/unique_ptr.h:559:35: note: candidate template ignored: could not match 'unique_ptr<_T1, _D1>' against 'int128'
  559 | inline _LIBCPP_HIDE_FROM_ABI bool operator!=(nullptr_t, const unique_ptr<_T1, _D1>& __x) _NOEXCEPT {
      |                                   ^
/Library/Developer/CommandLineTools/SDKs/MacOSX.sdk/usr/include/c++/v1/__memory/shared_ptr.h:1132:35: note: candidate template ignored: could not match 'shared_ptr' against 'MaliciousShamirShare<gfp_<0, 1> >::gfp_'
 1132 | inline _LIBCPP_HIDE_FROM_ABI bool operator!=(const shared_ptr<_Tp>& __x, const shared_ptr<_Up>& __y) _NOEXCEPT {
      |                                   ^
/Library/Developer/CommandLineTools/SDKs/MacOSX.sdk/usr/include/c++/v1/__memory/shared_ptr.h:1183:35: note: candidate template ignored: could not match 'shared_ptr' against 'MaliciousShamirShare<gfp_<0, 1> >::gfp_'
 1183 | inline _LIBCPP_HIDE_FROM_ABI bool operator!=(const shared_ptr<_Tp>& __x, nullptr_t) _NOEXCEPT {
      |                                   ^
/Library/Developer/CommandLineTools/SDKs/MacOSX.sdk/usr/include/c++/v1/__memory/shared_ptr.h:1188:35: note: candidate template ignored: could not match 'shared_ptr<_Tp>' against 'int128'
 1188 | inline _LIBCPP_HIDE_FROM_ABI bool operator!=(nullptr_t, const shared_ptr<_Tp>& __x) _NOEXCEPT {
      |                                   ^
/Library/Developer/CommandLineTools/SDKs/MacOSX.sdk/usr/include/c++/v1/__ios/fpos.h:70:35: note: candidate template ignored: could not match 'fpos' against 'MaliciousShamirShare<gfp_<0, 1> >::gfp_'
   70 | inline _LIBCPP_HIDE_FROM_ABI bool operator!=(const fpos<_StateT>& __x, const fpos<_StateT>& __y) {
      |                                   ^
/Library/Developer/CommandLineTools/SDKs/MacOSX.sdk/usr/include/c++/v1/string:3888:35: note: candidate template ignored: could not match 'basic_string' against 'MaliciousShamirShare<gfp_<0, 1> >::gfp_'
 3888 | inline _LIBCPP_HIDE_FROM_ABI bool operator!=(const basic_string<_CharT, _Traits, _Allocator>& __lhs,
      |                                   ^
/Library/Developer/CommandLineTools/SDKs/MacOSX.sdk/usr/include/c++/v1/string:3895:1: note: candidate template ignored: could not match 'const _CharT *' against 'typename MaliciousShamirShare<gfp_<0, 1>>::clear' (aka 'gfp_<0, 1>')
 3895 | operator!=(const _CharT* __lhs, const basic_string<_CharT, _Traits, _Allocator>& __rhs) _NOEXCEPT {
      | ^
/Library/Developer/CommandLineTools/SDKs/MacOSX.sdk/usr/include/c++/v1/string:3901:1: note: candidate template ignored: could not match 'basic_string' against 'MaliciousShamirShare<gfp_<0, 1> >::gfp_'
 3901 | operator!=(const basic_string<_CharT, _Traits, _Allocator>& __lhs, const _CharT* __rhs) _NOEXCEPT {
      | ^
/Library/Developer/CommandLineTools/SDKs/MacOSX.sdk/usr/include/c++/v1/array:396:35: note: candidate template ignored: could not match 'array' against 'MaliciousShamirShare<gfp_<0, 1> >::gfp_'
  396 | inline _LIBCPP_HIDE_FROM_ABI bool operator!=(const array<_Tp, _Size>& __x, const array<_Tp, _Size>& __y) {
      |                                   ^
/Library/Developer/CommandLineTools/SDKs/MacOSX.sdk/usr/include/c++/v1/vector:2915:35: note: candidate template ignored: could not match 'vector' against 'MaliciousShamirShare<gfp_<0, 1> >::gfp_'
 2915 | inline _LIBCPP_HIDE_FROM_ABI bool operator!=(const vector<_Tp, _Allocator>& __x, const vector<_Tp, _Allocator>& __y) {
      |                                   ^
/Library/Developer/CommandLineTools/SDKs/MacOSX.sdk/usr/include/c++/v1/list:1659:35: note: candidate template ignored: could not match 'list' against 'MaliciousShamirShare<gfp_<0, 1> >::gfp_'
 1659 | inline _LIBCPP_HIDE_FROM_ABI bool operator!=(const list<_Tp, _Alloc>& __x, const list<_Tp, _Alloc>& __y) {
      |                                   ^
/Library/Developer/CommandLineTools/SDKs/MacOSX.sdk/usr/include/c++/v1/__functional/function.h:1026:35: note: candidate template ignored: could not match 'function' against 'MaliciousShamirShare<gfp_<0, 1> >::gfp_'
 1026 | inline _LIBCPP_HIDE_FROM_ABI bool operator!=(const function<_Rp(_ArgTypes...)>& __f, nullptr_t) _NOEXCEPT {
      |                                   ^
/Library/Developer/CommandLineTools/SDKs/MacOSX.sdk/usr/include/c++/v1/__functional/function.h:1031:35: note: candidate template ignored: could not match 'function<_Rp (_ArgTypes...)>' against 'int128'
 1031 | inline _LIBCPP_HIDE_FROM_ABI bool operator!=(nullptr_t, const function<_Rp(_ArgTypes...)>& __f) _NOEXCEPT {
      |                                   ^
/Library/Developer/CommandLineTools/SDKs/MacOSX.sdk/usr/include/c++/v1/unordered_map:1819:35: note: candidate template ignored: could not match 'unordered_map' against 'MaliciousShamirShare<gfp_<0, 1> >::gfp_'
 1819 | inline _LIBCPP_HIDE_FROM_ABI bool operator!=(const unordered_map<_Key, _Tp, _Hash, _Pred, _Alloc>& __x,
      |                                   ^
/Library/Developer/CommandLineTools/SDKs/MacOSX.sdk/usr/include/c++/v1/unordered_map:2509:35: note: candidate template ignored: could not match 'unordered_multimap' against 'MaliciousShamirShare<gfp_<0, 1> >::gfp_'
 2509 | inline _LIBCPP_HIDE_FROM_ABI bool operator!=(const unordered_multimap<_Key, _Tp, _Hash, _Pred, _Alloc>& __x,
      |                                   ^
/Library/Developer/CommandLineTools/SDKs/MacOSX.sdk/usr/include/c++/v1/map:1593:1: note: candidate template ignored: could not match 'map' against 'MaliciousShamirShare<gfp_<0, 1> >::gfp_'
 1593 | operator!=(const map<_Key, _Tp, _Compare, _Allocator>& __x, const map<_Key, _Tp, _Compare, _Allocator>& __y) {
      | ^
/Library/Developer/CommandLineTools/SDKs/MacOSX.sdk/usr/include/c++/v1/map:2106:1: note: candidate template ignored: could not match 'multimap' against 'MaliciousShamirShare<gfp_<0, 1> >::gfp_'
 2106 | operator!=(const multimap<_Key, _Tp, _Compare, _Allocator>& __x, const multimap<_Key, _Tp, _Compare, _Allocator>& __y) {
      | ^
/Library/Developer/CommandLineTools/SDKs/MacOSX.sdk/usr/include/c++/v1/deque:2530:35: note: candidate template ignored: could not match 'deque' against 'MaliciousShamirShare<gfp_<0, 1> >::gfp_'
 2530 | inline _LIBCPP_HIDE_FROM_ABI bool operator!=(const deque<_Tp, _Allocator>& __x, const deque<_Tp, _Allocator>& __y) {
      |                                   ^
/Library/Developer/CommandLineTools/SDKs/MacOSX.sdk/usr/include/c++/v1/queue:473:35: note: candidate template ignored: could not match 'queue' against 'MaliciousShamirShare<gfp_<0, 1> >::gfp_'
  473 | inline _LIBCPP_HIDE_FROM_ABI bool operator!=(const queue<_Tp, _Container>& __x, const queue<_Tp, _Container>& __y) {
      |                                   ^
/Library/Developer/CommandLineTools/SDKs/MacOSX.sdk/usr/include/c++/v1/stack:329:35: note: candidate template ignored: could not match 'stack' against 'MaliciousShamirShare<gfp_<0, 1> >::gfp_'
  329 | inline _LIBCPP_HIDE_FROM_ABI bool operator!=(const stack<_Tp, _Container>& __x, const stack<_Tp, _Container>& __y) {
      |                                   ^
/Library/Developer/CommandLineTools/SDKs/MacOSX.sdk/usr/include/c++/v1/set:969:1: note: candidate template ignored: could not match 'set' against 'MaliciousShamirShare<gfp_<0, 1> >::gfp_'
  969 | operator!=(const set<_Key, _Compare, _Allocator>& __x, const set<_Key, _Compare, _Allocator>& __y) {
      | ^
/Library/Developer/CommandLineTools/SDKs/MacOSX.sdk/usr/include/c++/v1/set:1428:1: note: candidate template ignored: could not match 'multiset' against 'MaliciousShamirShare<gfp_<0, 1> >::gfp_'
 1428 | operator!=(const multiset<_Key, _Compare, _Allocator>& __x, const multiset<_Key, _Compare, _Allocator>& __y) {
      | ^
/opt/homebrew/include/gmpxx.h:3340:41: note: candidate template ignored: could not match '__gmp_expr' against 'MaliciousShamirShare<gfp_<0, 1> >::gfp_'
 3340 | __GMP_DEFINE_BINARY_TYPE_FUNCTION(bool, operator!=, ! __gmp_binary_equal)
      |                                         ^
/opt/homebrew/include/gmpxx.h:3340:41: note: candidate template ignored: could not match '__gmp_expr' against 'MaliciousShamirShare<gfp_<0, 1> >::gfp_'
/opt/homebrew/include/gmpxx.h:3340:41: note: candidate template ignored: could not match '__gmp_expr<T, U>' against 'int128'
/opt/homebrew/include/gmpxx.h:3340:41: note: candidate template ignored: could not match '__gmp_expr' against 'MaliciousShamirShare<gfp_<0, 1> >::gfp_'
/opt/homebrew/include/gmpxx.h:3340:41: note: candidate template ignored: could not match '__gmp_expr<T, U>' against 'int128'
/opt/homebrew/include/gmpxx.h:3340:41: note: candidate template ignored: could not match '__gmp_expr' against 'MaliciousShamirShare<gfp_<0, 1> >::gfp_'
/opt/homebrew/include/gmpxx.h:3340:41: note: candidate template ignored: could not match '__gmp_expr<T, U>' against 'int128'
/opt/homebrew/include/gmpxx.h:3340:41: note: candidate template ignored: could not match '__gmp_expr' against 'MaliciousShamirShare<gfp_<0, 1> >::gfp_'
/opt/homebrew/include/gmpxx.h:3340:41: note: candidate template ignored: could not match '__gmp_expr<T, U>' against 'int128'
/opt/homebrew/include/gmpxx.h:3340:41: note: candidate template ignored: could not match '__gmp_expr' against 'MaliciousShamirShare<gfp_<0, 1> >::gfp_'
/opt/homebrew/include/gmpxx.h:3340:41: note: candidate template ignored: could not match '__gmp_expr<T, U>' against 'int128'
/opt/homebrew/include/gmpxx.h:3340:41: note: candidate template ignored: could not match '__gmp_expr' against 'MaliciousShamirShare<gfp_<0, 1> >::gfp_'
/opt/homebrew/include/gmpxx.h:3340:41: note: candidate template ignored: could not match '__gmp_expr<T, U>' against 'int128'
/opt/homebrew/include/gmpxx.h:3340:41: note: candidate template ignored: could not match '__gmp_expr' against 'MaliciousShamirShare<gfp_<0, 1> >::gfp_'
/opt/homebrew/include/gmpxx.h:3340:41: note: candidate template ignored: could not match '__gmp_expr<T, U>' against 'int128'
/opt/homebrew/include/gmpxx.h:3340:41: note: candidate template ignored: could not match '__gmp_expr' against 'MaliciousShamirShare<gfp_<0, 1> >::gfp_'
/opt/homebrew/include/gmpxx.h:3340:41: note: candidate template ignored: could not match '__gmp_expr<T, U>' against 'int128'
/opt/homebrew/include/gmpxx.h:3340:41: note: candidate template ignored: could not match '__gmp_expr' against 'MaliciousShamirShare<gfp_<0, 1> >::gfp_'
/opt/homebrew/include/gmpxx.h:3340:41: note: candidate template ignored: could not match '__gmp_expr<T, U>' against 'int128'
/opt/homebrew/include/gmpxx.h:3340:41: note: candidate template ignored: could not match '__gmp_expr' against 'MaliciousShamirShare<gfp_<0, 1> >::gfp_'
/opt/homebrew/include/gmpxx.h:3340:41: note: candidate template ignored: could not match '__gmp_expr<T, U>' against 'int128'
/Library/Developer/CommandLineTools/SDKs/MacOSX.sdk/usr/include/c++/v1/forward_list:1489:1: note: candidate template ignored: could not match 'forward_list' against 'MaliciousShamirShare<gfp_<0, 1> >::gfp_'
 1489 | operator!=(const forward_list<_Tp, _Alloc>& __x, const forward_list<_Tp, _Alloc>& __y) {
      | ^
./Math/gfp.h:186:8: note: candidate function not viable: no known conversion from 'int128' to 'const gfp_<0, 1>' for 1st argument
  186 |   bool operator!=(const gfp_& y) const { return !equal(y); }
      |        ^          ~~~~~~~~~~~~~
In file included from Machines/malicious-shamir-party.cpp:8:
In file included from ./Machines/MalRep.hpp:9:
In file included from ./Protocols/MalRepRingPrep.hpp:15:
./Protocols/ShuffleSacrifice.hpp:169:42: error: invalid operands to binary expression ('typename MaliciousShamirShare<gfp_<0, 1>>::clear' (aka 'gfp_<0, 1>') and 'int128')
  169 |         if (typename T::clear(opened[i]) != bits[i].get())
      |             ~~~~~~~~~~~~~~~~~~~~~~~~~~~~ ^  ~~~~~~~~~~~~~
/Library/Developer/CommandLineTools/SDKs/MacOSX.sdk/usr/include/c++/v1/__variant/monostate.h:38:45: note: candidate function not viable: no known conversion from 'typename MaliciousShamirShare<gfp_<0, 1>>::clear' (aka 'gfp_<0, 1>') to 'monostate' for 1st argument
   38 | _LIBCPP_HIDE_FROM_ABI inline constexpr bool operator!=(monostate, monostate) noexcept { return false; }
      |                                             ^          ~~~~~~~~~
/Library/Developer/CommandLineTools/SDKs/MacOSX.sdk/usr/include/c++/v1/__system_error/error_condition.h:102:35: note: candidate function not viable: no known conversion from 'typename MaliciousShamirShare<gfp_<0, 1>>::clear' (aka 'gfp_<0, 1>') to 'const error_condition' for 1st argument
  102 | inline _LIBCPP_HIDE_FROM_ABI bool operator!=(const error_condition& __x, const error_condition& __y) _NOEXCEPT {
      |                                   ^          ~~~~~~~~~~~~~~~~~~~~~~~~~~
/Library/Developer/CommandLineTools/SDKs/MacOSX.sdk/usr/include/c++/v1/__system_error/error_code.h:108:35: note: candidate function not viable: no known conversion from 'typename MaliciousShamirShare<gfp_<0, 1>>::clear' (aka 'gfp_<0, 1>') to 'const error_code' for 1st argument
  108 | inline _LIBCPP_HIDE_FROM_ABI bool operator!=(const error_code& __x, const error_code& __y) _NOEXCEPT {
      |                                   ^          ~~~~~~~~~~~~~~~~~~~~~
/Library/Developer/CommandLineTools/SDKs/MacOSX.sdk/usr/include/c++/v1/__system_error/error_code.h:112:35: note: candidate function not viable: no known conversion from 'typename MaliciousShamirShare<gfp_<0, 1>>::clear' (aka 'gfp_<0, 1>') to 'const error_code' for 1st argument
  112 | inline _LIBCPP_HIDE_FROM_ABI bool operator!=(const error_code& __x, const error_condition& __y) _NOEXCEPT {
      |                                   ^          ~~~~~~~~~~~~~~~~~~~~~
/Library/Developer/CommandLineTools/SDKs/MacOSX.sdk/usr/include/c++/v1/__system_error/error_code.h:116:35: note: candidate function not viable: no known conversion from 'typename MaliciousShamirShare<gfp_<0, 1>>::clear' (aka 'gfp_<0, 1>') to 'const error_condition' for 1st argument
  116 | inline _LIBCPP_HIDE_FROM_ABI bool operator!=(const error_condition& __x, const error_code& __y) _NOEXCEPT {
      |                                   ^          ~~~~~~~~~~~~~~~~~~~~~~~~~~
/Library/Developer/CommandLineTools/SDKs/MacOSX.sdk/usr/include/c++/v1/__thread/id.h:89:35: note: candidate function not viable: no known conversion from 'typename MaliciousShamirShare<gfp_<0, 1>>::clear' (aka 'gfp_<0, 1>') to '__thread_id' for 1st argument
   89 | inline _LIBCPP_HIDE_FROM_ABI bool operator!=(__thread_id __x, __thread_id __y) _NOEXCEPT { return !(__x == __y); }
      |                                   ^          ~~~~~~~~~~~~~~~
/Library/Developer/CommandLineTools/SDKs/MacOSX.sdk/usr/include/c++/v1/__utility/pair.h:512:1: note: candidate template ignored: could not match 'pair' against 'MaliciousShamirShare<gfp_<0, 1> >::gfp_'
  512 | operator!=(const pair<_T1, _T2>& __x, const pair<_U1, _U2>& __y) {
      | ^
/Library/Developer/CommandLineTools/SDKs/MacOSX.sdk/usr/include/c++/v1/__iterator/reverse_iterator.h:230:1: note: candidate template ignored: could not match 'reverse_iterator' against 'MaliciousShamirShare<gfp_<0, 1> >::gfp_'
  230 | operator!=(const reverse_iterator<_Iter1>& __x, const reverse_iterator<_Iter2>& __y)
      | ^
/Library/Developer/CommandLineTools/SDKs/MacOSX.sdk/usr/include/c++/v1/__iterator/wrap_iter.h:140:1: note: candidate template ignored: could not match '__wrap_iter' against 'MaliciousShamirShare<gfp_<0, 1> >::gfp_'
  140 | operator!=(const __wrap_iter<_Iter1>& __x, const __wrap_iter<_Iter1>& __y) _NOEXCEPT {
      | ^
/Library/Developer/CommandLineTools/SDKs/MacOSX.sdk/usr/include/c++/v1/__iterator/wrap_iter.h:146:1: note: candidate template ignored: could not match '__wrap_iter' against 'MaliciousShamirShare<gfp_<0, 1> >::gfp_'
  146 | operator!=(const __wrap_iter<_Iter1>& __x, const __wrap_iter<_Iter2>& __y) _NOEXCEPT {
      | ^
/Library/Developer/CommandLineTools/SDKs/MacOSX.sdk/usr/include/c++/v1/string_view:762:1: note: candidate template ignored: could not match 'basic_string_view' against 'MaliciousShamirShare<gfp_<0, 1> >::gfp_'
  762 | operator!=(basic_string_view<_CharT, _Traits> __lhs, basic_string_view<_CharT, _Traits> __rhs) _NOEXCEPT {
      | ^
/Library/Developer/CommandLineTools/SDKs/MacOSX.sdk/usr/include/c++/v1/string_view:770:1: note: candidate template ignored: could not match 'basic_string_view' against 'MaliciousShamirShare<gfp_<0, 1> >::gfp_'
  770 | operator!=(basic_string_view<_CharT, _Traits> __lhs,
      | ^
/Library/Developer/CommandLineTools/SDKs/MacOSX.sdk/usr/include/c++/v1/string_view:779:1: note: candidate template ignored: could not match 'basic_string_view<_CharT, _Traits>' against 'int128'
  779 | operator!=(__type_identity_t<basic_string_view<_CharT, _Traits> > __lhs,
      | ^
/Library/Developer/CommandLineTools/SDKs/MacOSX.sdk/usr/include/c++/v1/optional:999:1: note: candidate template ignored: could not match 'optional' against 'MaliciousShamirShare<gfp_<0, 1> >::gfp_'
  999 | operator!=(const optional<_Tp>& __x, const optional<_Up>& __y) {
      | ^
/Library/Developer/CommandLineTools/SDKs/MacOSX.sdk/usr/include/c++/v1/optional:1081:38: note: candidate template ignored: could not match 'optional' against 'MaliciousShamirShare<gfp_<0, 1> >::gfp_'
 1081 | _LIBCPP_HIDE_FROM_ABI constexpr bool operator!=(const optional<_Tp>& __x, nullopt_t) noexcept {
      |                                      ^
/Library/Developer/CommandLineTools/SDKs/MacOSX.sdk/usr/include/c++/v1/optional:1086:38: note: candidate template ignored: could not match 'optional<_Tp>' against 'int128'
 1086 | _LIBCPP_HIDE_FROM_ABI constexpr bool operator!=(nullopt_t, const optional<_Tp>& __x) noexcept {
      |                                      ^
/Library/Developer/CommandLineTools/SDKs/MacOSX.sdk/usr/include/c++/v1/optional:1160:1: note: candidate template ignored: could not match 'optional' against 'MaliciousShamirShare<gfp_<0, 1> >::gfp_'
 1160 | operator!=(const optional<_Tp>& __x, const _Up& __v) {
      | ^
/Library/Developer/CommandLineTools/SDKs/MacOSX.sdk/usr/include/c++/v1/optional:1168:1: note: candidate template ignored: could not match 'optional<_Up>' against 'int128'
 1168 | operator!=(const _Tp& __v, const optional<_Up>& __x) {
      | ^
/Library/Developer/CommandLineTools/SDKs/MacOSX.sdk/usr/include/c++/v1/__iterator/istream_iterator.h:93:35: note: candidate template ignored: could not match 'istream_iterator' against 'MaliciousShamirShare<gfp_<0, 1> >::gfp_'
   93 | inline _LIBCPP_HIDE_FROM_ABI bool operator!=(const istream_iterator<_Tp, _CharT, _Traits, _Distance>& __x,
      |                                   ^
/Library/Developer/CommandLineTools/SDKs/MacOSX.sdk/usr/include/c++/v1/__iterator/istreambuf_iterator.h:102:1: note: candidate template ignored: could not match 'istreambuf_iterator' against 'MaliciousShamirShare<gfp_<0, 1> >::gfp_'
  102 | operator!=(const istreambuf_iterator<_CharT, _Traits>& __a, const istreambuf_iterator<_CharT, _Traits>& __b) {
      | ^
/Library/Developer/CommandLineTools/SDKs/MacOSX.sdk/usr/include/c++/v1/__iterator/move_iterator.h:262:1: note: candidate template ignored: could not match 'move_iterator' against 'MaliciousShamirShare<gfp_<0, 1> >::gfp_'
  262 | operator!=(const move_iterator<_Iter1>& __x, const move_iterator<_Iter2>& __y) {
      | ^
/Library/Developer/CommandLineTools/SDKs/MacOSX.sdk/usr/include/c++/v1/variant:1500:38: note: candidate template ignored: could not match 'variant' against 'MaliciousShamirShare<gfp_<0, 1> >::gfp_'
 1500 | _LIBCPP_HIDE_FROM_ABI constexpr bool operator!=(const variant<_Types...>& __lhs, const variant<_Types...>& __rhs) {
      |                                      ^
/Library/Developer/CommandLineTools/SDKs/MacOSX.sdk/usr/include/c++/v1/tuple:1179:1: note: candidate template ignored: could not match 'tuple' against 'MaliciousShamirShare<gfp_<0, 1> >::gfp_'
 1179 | operator!=(const tuple<_Tp...>& __x, const tuple<_Up...>& __y) {
      | ^
/Library/Developer/CommandLineTools/SDKs/MacOSX.sdk/usr/include/c++/v1/__memory/allocator.h:260:35: note: candidate template ignored: could not match 'allocator' against 'MaliciousShamirShare<gfp_<0, 1> >::gfp_'
  260 | inline _LIBCPP_HIDE_FROM_ABI bool operator!=(const allocator<_Tp>&, const allocator<_Up>&) _NOEXCEPT {
      |                                   ^
/Library/Developer/CommandLineTools/SDKs/MacOSX.sdk/usr/include/c++/v1/__memory/unique_ptr.h:503:35: note: candidate template ignored: could not match 'unique_ptr' against 'MaliciousShamirShare<gfp_<0, 1> >::gfp_'
  503 | inline _LIBCPP_HIDE_FROM_ABI bool operator!=(const unique_ptr<_T1, _D1>& __x, const unique_ptr<_T2, _D2>& __y) {
      |                                   ^
/Library/Developer/CommandLineTools/SDKs/MacOSX.sdk/usr/include/c++/v1/__memory/unique_ptr.h:554:35: note: candidate template ignored: could not match 'unique_ptr' against 'MaliciousShamirShare<gfp_<0, 1> >::gfp_'
  554 | inline _LIBCPP_HIDE_FROM_ABI bool operator!=(const unique_ptr<_T1, _D1>& __x, nullptr_t) _NOEXCEPT {
      |                                   ^
/Library/Developer/CommandLineTools/SDKs/MacOSX.sdk/usr/include/c++/v1/__memory/unique_ptr.h:559:35: note: candidate template ignored: could not match 'unique_ptr<_T1, _D1>' against 'int128'
  559 | inline _LIBCPP_HIDE_FROM_ABI bool operator!=(nullptr_t, const unique_ptr<_T1, _D1>& __x) _NOEXCEPT {
      |                                   ^
/Library/Developer/CommandLineTools/SDKs/MacOSX.sdk/usr/include/c++/v1/__memory/shared_ptr.h:1132:35: note: candidate template ignored: could not match 'shared_ptr' against 'MaliciousShamirShare<gfp_<0, 1> >::gfp_'
 1132 | inline _LIBCPP_HIDE_FROM_ABI bool operator!=(const shared_ptr<_Tp>& __x, const shared_ptr<_Up>& __y) _NOEXCEPT {
      |                                   ^
/Library/Developer/CommandLineTools/SDKs/MacOSX.sdk/usr/include/c++/v1/__memory/shared_ptr.h:1183:35: note: candidate template ignored: could not match 'shared_ptr' against 'MaliciousShamirShare<gfp_<0, 1> >::gfp_'
 1183 | inline _LIBCPP_HIDE_FROM_ABI bool operator!=(const shared_ptr<_Tp>& __x, nullptr_t) _NOEXCEPT {
      |                                   ^
/Library/Developer/CommandLineTools/SDKs/MacOSX.sdk/usr/include/c++/v1/__memory/shared_ptr.h:1188:35: note: candidate template ignored: could not match 'shared_ptr<_Tp>' against 'int128'
 1188 | inline _LIBCPP_HIDE_FROM_ABI bool operator!=(nullptr_t, const shared_ptr<_Tp>& __x) _NOEXCEPT {
      |                                   ^
/Library/Developer/CommandLineTools/SDKs/MacOSX.sdk/usr/include/c++/v1/__ios/fpos.h:70:35: note: candidate template ignored: could not match 'fpos' against 'MaliciousShamirShare<gfp_<0, 1> >::gfp_'
   70 | inline _LIBCPP_HIDE_FROM_ABI bool operator!=(const fpos<_StateT>& __x, const fpos<_StateT>& __y) {
      |                                   ^
/Library/Developer/CommandLineTools/SDKs/MacOSX.sdk/usr/include/c++/v1/string:3888:35: note: candidate template ignored: could not match 'basic_string' against 'MaliciousShamirShare<gfp_<0, 1> >::gfp_'
 3888 | inline _LIBCPP_HIDE_FROM_ABI bool operator!=(const basic_string<_CharT, _Traits, _Allocator>& __lhs,
      |                                   ^
/Library/Developer/CommandLineTools/SDKs/MacOSX.sdk/usr/include/c++/v1/string:3895:1: note: candidate template ignored: could not match 'const _CharT *' against 'typename MaliciousShamirShare<gfp_<0, 1>>::clear' (aka 'gfp_<0, 1>')
 3895 | operator!=(const _CharT* __lhs, const basic_string<_CharT, _Traits, _Allocator>& __rhs) _NOEXCEPT {
      | ^
/Library/Developer/CommandLineTools/SDKs/MacOSX.sdk/usr/include/c++/v1/string:3901:1: note: candidate template ignored: could not match 'basic_string' against 'MaliciousShamirShare<gfp_<0, 1> >::gfp_'
 3901 | operator!=(const basic_string<_CharT, _Traits, _Allocator>& __lhs, const _CharT* __rhs) _NOEXCEPT {
      | ^
/Library/Developer/CommandLineTools/SDKs/MacOSX.sdk/usr/include/c++/v1/array:396:35: note: candidate template ignored: could not match 'array' against 'MaliciousShamirShare<gfp_<0, 1> >::gfp_'
  396 | inline _LIBCPP_HIDE_FROM_ABI bool operator!=(const array<_Tp, _Size>& __x, const array<_Tp, _Size>& __y) {
      |                                   ^
/Library/Developer/CommandLineTools/SDKs/MacOSX.sdk/usr/include/c++/v1/vector:2915:35: note: candidate template ignored: could not match 'vector' against 'MaliciousShamirShare<gfp_<0, 1> >::gfp_'
 2915 | inline _LIBCPP_HIDE_FROM_ABI bool operator!=(const vector<_Tp, _Allocator>& __x, const vector<_Tp, _Allocator>& __y) {
      |                                   ^
/Library/Developer/CommandLineTools/SDKs/MacOSX.sdk/usr/include/c++/v1/list:1659:35: note: candidate template ignored: could not match 'list' against 'MaliciousShamirShare<gfp_<0, 1> >::gfp_'
 1659 | inline _LIBCPP_HIDE_FROM_ABI bool operator!=(const list<_Tp, _Alloc>& __x, const list<_Tp, _Alloc>& __y) {
      |                                   ^
/Library/Developer/CommandLineTools/SDKs/MacOSX.sdk/usr/include/c++/v1/__functional/function.h:1026:35: note: candidate template ignored: could not match 'function' against 'MaliciousShamirShare<gfp_<0, 1> >::gfp_'
 1026 | inline _LIBCPP_HIDE_FROM_ABI bool operator!=(const function<_Rp(_ArgTypes...)>& __f, nullptr_t) _NOEXCEPT {
      |                                   ^
/Library/Developer/CommandLineTools/SDKs/MacOSX.sdk/usr/include/c++/v1/__functional/function.h:1031:35: note: candidate template ignored: could not match 'function<_Rp (_ArgTypes...)>' against 'int128'
 1031 | inline _LIBCPP_HIDE_FROM_ABI bool operator!=(nullptr_t, const function<_Rp(_ArgTypes...)>& __f) _NOEXCEPT {
      |                                   ^
/Library/Developer/CommandLineTools/SDKs/MacOSX.sdk/usr/include/c++/v1/unordered_map:1819:35: note: candidate template ignored: could not match 'unordered_map' against 'MaliciousShamirShare<gfp_<0, 1> >::gfp_'
 1819 | inline _LIBCPP_HIDE_FROM_ABI bool operator!=(const unordered_map<_Key, _Tp, _Hash, _Pred, _Alloc>& __x,
      |                                   ^
/Library/Developer/CommandLineTools/SDKs/MacOSX.sdk/usr/include/c++/v1/unordered_map:2509:35: note: candidate template ignored: could not match 'unordered_multimap' against 'MaliciousShamirShare<gfp_<0, 1> >::gfp_'
 2509 | inline _LIBCPP_HIDE_FROM_ABI bool operator!=(const unordered_multimap<_Key, _Tp, _Hash, _Pred, _Alloc>& __x,
      |                                   ^
/Library/Developer/CommandLineTools/SDKs/MacOSX.sdk/usr/include/c++/v1/map:1593:1: note: candidate template ignored: could not match 'map' against 'MaliciousShamirShare<gfp_<0, 1> >::gfp_'
 1593 | operator!=(const map<_Key, _Tp, _Compare, _Allocator>& __x, const map<_Key, _Tp, _Compare, _Allocator>& __y) {
      | ^
/Library/Developer/CommandLineTools/SDKs/MacOSX.sdk/usr/include/c++/v1/map:2106:1: note: candidate template ignored: could not match 'multimap' against 'MaliciousShamirShare<gfp_<0, 1> >::gfp_'
 2106 | operator!=(const multimap<_Key, _Tp, _Compare, _Allocator>& __x, const multimap<_Key, _Tp, _Compare, _Allocator>& __y) {
      | ^
/Library/Developer/CommandLineTools/SDKs/MacOSX.sdk/usr/include/c++/v1/deque:2530:35: note: candidate template ignored: could not match 'deque' against 'MaliciousShamirShare<gfp_<0, 1> >::gfp_'
 2530 | inline _LIBCPP_HIDE_FROM_ABI bool operator!=(const deque<_Tp, _Allocator>& __x, const deque<_Tp, _Allocator>& __y) {
      |                                   ^
/Library/Developer/CommandLineTools/SDKs/MacOSX.sdk/usr/include/c++/v1/queue:473:35: note: candidate template ignored: could not match 'queue' against 'MaliciousShamirShare<gfp_<0, 1> >::gfp_'
  473 | inline _LIBCPP_HIDE_FROM_ABI bool operator!=(const queue<_Tp, _Container>& __x, const queue<_Tp, _Container>& __y) {
      |                                   ^
/Library/Developer/CommandLineTools/SDKs/MacOSX.sdk/usr/include/c++/v1/stack:329:35: note: candidate template ignored: could not match 'stack' against 'MaliciousShamirShare<gfp_<0, 1> >::gfp_'
  329 | inline _LIBCPP_HIDE_FROM_ABI bool operator!=(const stack<_Tp, _Container>& __x, const stack<_Tp, _Container>& __y) {
      |                                   ^
/Library/Developer/CommandLineTools/SDKs/MacOSX.sdk/usr/include/c++/v1/set:969:1: note: candidate template ignored: could not match 'set' against 'MaliciousShamirShare<gfp_<0, 1> >::gfp_'
  969 | operator!=(const set<_Key, _Compare, _Allocator>& __x, const set<_Key, _Compare, _Allocator>& __y) {
      | ^
/Library/Developer/CommandLineTools/SDKs/MacOSX.sdk/usr/include/c++/v1/set:1428:1: note: candidate template ignored: could not match 'multiset' against 'MaliciousShamirShare<gfp_<0, 1> >::gfp_'
 1428 | operator!=(const multiset<_Key, _Compare, _Allocator>& __x, const multiset<_Key, _Compare, _Allocator>& __y) {
      | ^
/opt/homebrew/include/gmpxx.h:3340:41: note: candidate template ignored: could not match '__gmp_expr' against 'MaliciousShamirShare<gfp_<0, 1> >::gfp_'
 3340 | __GMP_DEFINE_BINARY_TYPE_FUNCTION(bool, operator!=, ! __gmp_binary_equal)
      |                                         ^
/opt/homebrew/include/gmpxx.h:3340:41: note: candidate template ignored: could not match '__gmp_expr' against 'MaliciousShamirShare<gfp_<0, 1> >::gfp_'
/opt/homebrew/include/gmpxx.h:3340:41: note: candidate template ignored: could not match '__gmp_expr<T, U>' against 'int128'
/opt/homebrew/include/gmpxx.h:3340:41: note: candidate template ignored: could not match '__gmp_expr' against 'MaliciousShamirShare<gfp_<0, 1> >::gfp_'
/opt/homebrew/include/gmpxx.h:3340:41: note: candidate template ignored: could not match '__gmp_expr<T, U>' against 'int128'
/opt/homebrew/include/gmpxx.h:3340:41: note: candidate template ignored: could not match '__gmp_expr' against 'MaliciousShamirShare<gfp_<0, 1> >::gfp_'
/opt/homebrew/include/gmpxx.h:3340:41: note: candidate template ignored: could not match '__gmp_expr<T, U>' against 'int128'
/opt/homebrew/include/gmpxx.h:3340:41: note: candidate template ignored: could not match '__gmp_expr' against 'MaliciousShamirShare<gfp_<0, 1> >::gfp_'
/opt/homebrew/include/gmpxx.h:3340:41: note: candidate template ignored: could not match '__gmp_expr<T, U>' against 'int128'
/opt/homebrew/include/gmpxx.h:3340:41: note: candidate template ignored: could not match '__gmp_expr' against 'MaliciousShamirShare<gfp_<0, 1> >::gfp_'
/opt/homebrew/include/gmpxx.h:3340:41: note: candidate template ignored: could not match '__gmp_expr<T, U>' against 'int128'
/opt/homebrew/include/gmpxx.h:3340:41: note: candidate template ignored: could not match '__gmp_expr' against 'MaliciousShamirShare<gfp_<0, 1> >::gfp_'
/opt/homebrew/include/gmpxx.h:3340:41: note: candidate template ignored: could not match '__gmp_expr<T, U>' against 'int128'
/opt/homebrew/include/gmpxx.h:3340:41: note: candidate template ignored: could not match '__gmp_expr' against 'MaliciousShamirShare<gfp_<0, 1> >::gfp_'
/opt/homebrew/include/gmpxx.h:3340:41: note: candidate template ignored: could not match '__gmp_expr<T, U>' against 'int128'
/opt/homebrew/include/gmpxx.h:3340:41: note: candidate template ignored: could not match '__gmp_expr' against 'MaliciousShamirShare<gfp_<0, 1> >::gfp_'
/opt/homebrew/include/gmpxx.h:3340:41: note: candidate template ignored: could not match '__gmp_expr<T, U>' against 'int128'
/opt/homebrew/include/gmpxx.h:3340:41: note: candidate template ignored: could not match '__gmp_expr' against 'MaliciousShamirShare<gfp_<0, 1> >::gfp_'
/opt/homebrew/include/gmpxx.h:3340:41: note: candidate template ignored: could not match '__gmp_expr<T, U>' against 'int128'
/opt/homebrew/include/gmpxx.h:3340:41: note: candidate template ignored: could not match '__gmp_expr' against 'MaliciousShamirShare<gfp_<0, 1> >::gfp_'
/opt/homebrew/include/gmpxx.h:3340:41: note: candidate template ignored: could not match '__gmp_expr<T, U>' against 'int128'
/Library/Developer/CommandLineTools/SDKs/MacOSX.sdk/usr/include/c++/v1/forward_list:1489:1: note: candidate template ignored: could not match 'forward_list' against 'MaliciousShamirShare<gfp_<0, 1> >::gfp_'
 1489 | operator!=(const forward_list<_Tp, _Alloc>& __x, const forward_list<_Tp, _Alloc>& __y) {
      | ^
./Math/gfp.h:186:8: note: candidate function not viable: no known conversion from 'int128' to 'const gfp_<0, 1>' for 1st argument
  186 |   bool operator!=(const gfp_& y) const { return !equal(y); }
      |        ^          ~~~~~~~~~~~~~
In file included from Machines/malicious-shamir-party.cpp:8:
In file included from ./Machines/MalRep.hpp:13:
In file included from ./Machines/Rep.hpp:20:
In file included from ./GC/RepPrep.hpp:14:
./Protocols/ReplicatedPrep.hpp:971:17: error: no viable conversion from 'int128' to 'int'
  971 |             int masked = (*oit++).get();
      |                 ^        ~~~~~~~~~~~~~~
./Processor/Online-Thread.hpp:201:19: note: in instantiation of function template specialization 'RingPrep<MaliciousShamirShare<gfp_<0, 2>>>::sanitize<0>' requested here
  201 |                   sanitize<0>(
      |                   ^
./Processor/Online-Thread.hpp:357:8: note: in instantiation of member function 'thread_info<MaliciousShamirShare<gfp_<0, 2>>, MaliciousShamirShare<gf2n_long>>::Sub_Main_Func' requested here
  357 |     ti.Sub_Main_Func();
      |        ^
./Processor/Machine.hpp:185:65: note: in instantiation of member function 'thread_info<MaliciousShamirShare<gfp_<0, 2>>, MaliciousShamirShare<gf2n_long>>::Main_Func' requested here
  185 |       pthread_create(&threads[i],NULL,thread_info<sint, sgf2n>::Main_Func,&tinfo[i]);
      |                                                                 ^
./Processor/Machine.hpp:431:3: note: in instantiation of member function 'Machine<MaliciousShamirShare<gfp_<0, 2>>, MaliciousShamirShare<gf2n_long>>::prepare' requested here
  431 |   prepare(progname);
      |   ^
./Processor/OnlineMachine.hpp:193:70: note: in instantiation of member function 'Machine<MaliciousShamirShare<gfp_<0, 2>>, MaliciousShamirShare<gf2n_long>>::run' requested here
  193 |         Machine<T, U>(playerNames, use_encryption, online_opts, lg2).run(
      |                                                                      ^
./Processor/FieldMachine.hpp:47:10: note: in instantiation of function template specialization 'OnlineMachine::run<MaliciousShamirShare<gfp_<0, 2>>, MaliciousShamirShare<gf2n_long>>' requested here
   47 |     X(1) X(2) X(3) X(4)
      |          ^
./Processor/FieldMachine.hpp:44:26: note: expanded from macro 'X'
   44 |         machine.template run<T<gfp_<0, L>>, V<X>>(); \
      |                          ^
./Processor/FieldMachine.hpp:29:5: note: in instantiation of member function 'FieldMachine<MaliciousShamirShare, MaliciousShamirShare, HonestMajorityMachine>::FieldMachine' requested here
   29 |     FieldMachine<T, T, V>(argc, argv, opt, online_opts,
      |     ^
Machines/ShamirMachine.hpp:100:5: note: in instantiation of member function 'HonestMajorityFieldMachine<MaliciousShamirShare>::HonestMajorityFieldMachine' requested here
  100 |     HonestMajorityFieldMachine<T>(argc, argv, opt, opts.nparties);
      |     ^
Machines/malicious-shamir-party.cpp:14:5: note: in instantiation of member function 'ShamirMachineSpec<MaliciousShamirShare>::ShamirMachineSpec' requested here
   14 |     ShamirMachineSpec<MaliciousShamirShare>(argc, argv);
      |     ^
In file included from Machines/malicious-shamir-party.cpp:8:
In file included from ./Machines/MalRep.hpp:13:
In file included from ./Machines/Rep.hpp:15:
In file included from ./Protocols/Spdz2kPrep.hpp:12:
./Protocols/DabitSacrifice.hpp:80:15: error: invalid operands to binary expression ('typename MaliciousShamirShare<gfp_<0, 2>>::clear' (aka 'gfp_<0, 2>') and 'int128')
   80 |         if (a != b.get())
      |             ~ ^  ~~~~~~~
./Protocols/DabitSacrifice.hpp:101:5: note: in instantiation of member function 'DabitSacrifice<MaliciousShamirShare<gfp_<0, 2>>>::sacrifice_without_bit_check' requested here
  101 |     sacrifice_without_bit_check(to_check, check_dabits, proc, queues);
      |     ^
./Protocols/MaliciousRingPrep.hpp:38:21: note: in instantiation of member function 'DabitSacrifice<MaliciousShamirShare<gfp_<0, 2>>>::sacrifice_and_check_bits' requested here
   38 |     dabit_sacrifice.sacrifice_and_check_bits(this->dabits, check_dabits,
      |                     ^
./Protocols/MaliciousRingPrep.hpp:47:9: note: in instantiation of function template specialization 'MaliciousDabitOnlyPrep<MaliciousShamirShare<gfp_<0, 2>>>::buffer_dabits<0>' requested here
   47 |         buffer_dabits<0>(queues, false_type(), false_type());
      |         ^
./Protocols/MaliciousRingPrep.hpp:18:5: note: in instantiation of function template specialization 'MaliciousDabitOnlyPrep<MaliciousShamirShare<gfp_<0, 2>>>::buffer_dabits<0>' requested here
   18 |     buffer_dabits<0>(queues, T::clear::characteristic_two,
      |     ^
./Protocols/MaliciousRepPrep.hpp:44:30: note: in instantiation of member function 'MaliciousDabitOnlyPrep<MaliciousShamirShare<gfp_<0, 2>>>::buffer_dabits' requested here
   44 | MaliciousRepPrepWithBits<T>::MaliciousRepPrepWithBits(SubProcessor<T>* proc,
      |                              ^
./Processor/Data_Files.hpp:16:14: note: (skipping 4 contexts in backtrace; use -ftemplate-backtrace-limit=0 to see all)
   16 |   return new typename T::LivePrep(proc, usage);
      |              ^
./Processor/OnlineMachine.hpp:193:70: note: in instantiation of member function 'Machine<MaliciousShamirShare<gfp_<0, 2>>, MaliciousShamirShare<gf2n_long>>::run' requested here
  193 |         Machine<T, U>(playerNames, use_encryption, online_opts, lg2).run(
      |                                                                      ^
./Processor/FieldMachine.hpp:47:10: note: in instantiation of function template specialization 'OnlineMachine::run<MaliciousShamirShare<gfp_<0, 2>>, MaliciousShamirShare<gf2n_long>>' requested here
   47 |     X(1) X(2) X(3) X(4)
      |          ^
./Processor/FieldMachine.hpp:44:26: note: expanded from macro 'X'
   44 |         machine.template run<T<gfp_<0, L>>, V<X>>(); \
      |                          ^
./Processor/FieldMachine.hpp:29:5: note: in instantiation of member function 'FieldMachine<MaliciousShamirShare, MaliciousShamirShare, HonestMajorityMachine>::FieldMachine' requested here
   29 |     FieldMachine<T, T, V>(argc, argv, opt, online_opts,
      |     ^
Machines/ShamirMachine.hpp:100:5: note: in instantiation of member function 'HonestMajorityFieldMachine<MaliciousShamirShare>::HonestMajorityFieldMachine' requested here
  100 |     HonestMajorityFieldMachine<T>(argc, argv, opt, opts.nparties);
      |     ^
Machines/malicious-shamir-party.cpp:14:5: note: in instantiation of member function 'ShamirMachineSpec<MaliciousShamirShare>::ShamirMachineSpec' requested here
   14 |     ShamirMachineSpec<MaliciousShamirShare>(argc, argv);
      |     ^
/Library/Developer/CommandLineTools/SDKs/MacOSX.sdk/usr/include/c++/v1/__variant/monostate.h:38:45: note: candidate function not viable: no known conversion from 'typename MaliciousShamirShare<gfp_<0, 2>>::clear' (aka 'gfp_<0, 2>') to 'monostate' for 1st argument
   38 | _LIBCPP_HIDE_FROM_ABI inline constexpr bool operator!=(monostate, monostate) noexcept { return false; }
      |                                             ^          ~~~~~~~~~
/Library/Developer/CommandLineTools/SDKs/MacOSX.sdk/usr/include/c++/v1/__system_error/error_condition.h:102:35: note: candidate function not viable: no known conversion from 'typename MaliciousShamirShare<gfp_<0, 2>>::clear' (aka 'gfp_<0, 2>') to 'const error_condition' for 1st argument
  102 | inline _LIBCPP_HIDE_FROM_ABI bool operator!=(const error_condition& __x, const error_condition& __y) _NOEXCEPT {
      |                                   ^          ~~~~~~~~~~~~~~~~~~~~~~~~~~
/Library/Developer/CommandLineTools/SDKs/MacOSX.sdk/usr/include/c++/v1/__system_error/error_code.h:108:35: note: candidate function not viable: no known conversion from 'typename MaliciousShamirShare<gfp_<0, 2>>::clear' (aka 'gfp_<0, 2>') to 'const error_code' for 1st argument
  108 | inline _LIBCPP_HIDE_FROM_ABI bool operator!=(const error_code& __x, const error_code& __y) _NOEXCEPT {
      |                                   ^          ~~~~~~~~~~~~~~~~~~~~~
/Library/Developer/CommandLineTools/SDKs/MacOSX.sdk/usr/include/c++/v1/__system_error/error_code.h:112:35: note: candidate function not viable: no known conversion from 'typename MaliciousShamirShare<gfp_<0, 2>>::clear' (aka 'gfp_<0, 2>') to 'const error_code' for 1st argument
  112 | inline _LIBCPP_HIDE_FROM_ABI bool operator!=(const error_code& __x, const error_condition& __y) _NOEXCEPT {
      |                                   ^          ~~~~~~~~~~~~~~~~~~~~~
/Library/Developer/CommandLineTools/SDKs/MacOSX.sdk/usr/include/c++/v1/__system_error/error_code.h:116:35: note: candidate function not viable: no known conversion from 'typename MaliciousShamirShare<gfp_<0, 2>>::clear' (aka 'gfp_<0, 2>') to 'const error_condition' for 1st argument
  116 | inline _LIBCPP_HIDE_FROM_ABI bool operator!=(const error_condition& __x, const error_code& __y) _NOEXCEPT {
      |                                   ^          ~~~~~~~~~~~~~~~~~~~~~~~~~~
/Library/Developer/CommandLineTools/SDKs/MacOSX.sdk/usr/include/c++/v1/__thread/id.h:89:35: note: candidate function not viable: no known conversion from 'typename MaliciousShamirShare<gfp_<0, 2>>::clear' (aka 'gfp_<0, 2>') to '__thread_id' for 1st argument
   89 | inline _LIBCPP_HIDE_FROM_ABI bool operator!=(__thread_id __x, __thread_id __y) _NOEXCEPT { return !(__x == __y); }
      |                                   ^          ~~~~~~~~~~~~~~~
/Library/Developer/CommandLineTools/SDKs/MacOSX.sdk/usr/include/c++/v1/__utility/pair.h:512:1: note: candidate template ignored: could not match 'pair' against 'gfp_'
  512 | operator!=(const pair<_T1, _T2>& __x, const pair<_U1, _U2>& __y) {
      | ^
/Library/Developer/CommandLineTools/SDKs/MacOSX.sdk/usr/include/c++/v1/__iterator/reverse_iterator.h:230:1: note: candidate template ignored: could not match 'reverse_iterator' against 'gfp_'
  230 | operator!=(const reverse_iterator<_Iter1>& __x, const reverse_iterator<_Iter2>& __y)
      | ^
/Library/Developer/CommandLineTools/SDKs/MacOSX.sdk/usr/include/c++/v1/__iterator/wrap_iter.h:140:1: note: candidate template ignored: could not match '__wrap_iter' against 'gfp_'
  140 | operator!=(const __wrap_iter<_Iter1>& __x, const __wrap_iter<_Iter1>& __y) _NOEXCEPT {
      | ^
/Library/Developer/CommandLineTools/SDKs/MacOSX.sdk/usr/include/c++/v1/__iterator/wrap_iter.h:146:1: note: candidate template ignored: could not match '__wrap_iter' against 'gfp_'
  146 | operator!=(const __wrap_iter<_Iter1>& __x, const __wrap_iter<_Iter2>& __y) _NOEXCEPT {
      | ^
/Library/Developer/CommandLineTools/SDKs/MacOSX.sdk/usr/include/c++/v1/string_view:762:1: note: candidate template ignored: could not match 'basic_string_view' against 'gfp_'
  762 | operator!=(basic_string_view<_CharT, _Traits> __lhs, basic_string_view<_CharT, _Traits> __rhs) _NOEXCEPT {
      | ^
/Library/Developer/CommandLineTools/SDKs/MacOSX.sdk/usr/include/c++/v1/string_view:770:1: note: candidate template ignored: could not match 'basic_string_view' against 'gfp_'
  770 | operator!=(basic_string_view<_CharT, _Traits> __lhs,
      | ^
/Library/Developer/CommandLineTools/SDKs/MacOSX.sdk/usr/include/c++/v1/string_view:779:1: note: candidate template ignored: could not match 'basic_string_view<_CharT, _Traits>' against 'int128'
  779 | operator!=(__type_identity_t<basic_string_view<_CharT, _Traits> > __lhs,
      | ^
/Library/Developer/CommandLineTools/SDKs/MacOSX.sdk/usr/include/c++/v1/optional:999:1: note: candidate template ignored: could not match 'optional' against 'gfp_'
  999 | operator!=(const optional<_Tp>& __x, const optional<_Up>& __y) {
      | ^
/Library/Developer/CommandLineTools/SDKs/MacOSX.sdk/usr/include/c++/v1/optional:1081:38: note: candidate template ignored: could not match 'optional' against 'gfp_'
 1081 | _LIBCPP_HIDE_FROM_ABI constexpr bool operator!=(const optional<_Tp>& __x, nullopt_t) noexcept {
      |                                      ^
/Library/Developer/CommandLineTools/SDKs/MacOSX.sdk/usr/include/c++/v1/optional:1086:38: note: candidate template ignored: could not match 'optional<_Tp>' against 'int128'
 1086 | _LIBCPP_HIDE_FROM_ABI constexpr bool operator!=(nullopt_t, const optional<_Tp>& __x) noexcept {
      |                                      ^
/Library/Developer/CommandLineTools/SDKs/MacOSX.sdk/usr/include/c++/v1/optional:1160:1: note: candidate template ignored: could not match 'optional' against 'gfp_'
 1160 | operator!=(const optional<_Tp>& __x, const _Up& __v) {
      | ^
/Library/Developer/CommandLineTools/SDKs/MacOSX.sdk/usr/include/c++/v1/optional:1168:1: note: candidate template ignored: could not match 'optional<_Up>' against 'int128'
 1168 | operator!=(const _Tp& __v, const optional<_Up>& __x) {
      | ^
/Library/Developer/CommandLineTools/SDKs/MacOSX.sdk/usr/include/c++/v1/__iterator/istream_iterator.h:93:35: note: candidate template ignored: could not match 'istream_iterator' against 'gfp_'
   93 | inline _LIBCPP_HIDE_FROM_ABI bool operator!=(const istream_iterator<_Tp, _CharT, _Traits, _Distance>& __x,
      |                                   ^
/Library/Developer/CommandLineTools/SDKs/MacOSX.sdk/usr/include/c++/v1/__iterator/istreambuf_iterator.h:102:1: note: candidate template ignored: could not match 'istreambuf_iterator' against 'gfp_'
  102 | operator!=(const istreambuf_iterator<_CharT, _Traits>& __a, const istreambuf_iterator<_CharT, _Traits>& __b) {
      | ^
/Library/Developer/CommandLineTools/SDKs/MacOSX.sdk/usr/include/c++/v1/__iterator/move_iterator.h:262:1: note: candidate template ignored: could not match 'move_iterator' against 'gfp_'
  262 | operator!=(const move_iterator<_Iter1>& __x, const move_iterator<_Iter2>& __y) {
      | ^
/Library/Developer/CommandLineTools/SDKs/MacOSX.sdk/usr/include/c++/v1/variant:1500:38: note: candidate template ignored: could not match 'variant' against 'gfp_'
 1500 | _LIBCPP_HIDE_FROM_ABI constexpr bool operator!=(const variant<_Types...>& __lhs, const variant<_Types...>& __rhs) {
      |                                      ^
/Library/Developer/CommandLineTools/SDKs/MacOSX.sdk/usr/include/c++/v1/tuple:1179:1: note: candidate template ignored: could not match 'tuple' against 'gfp_'
 1179 | operator!=(const tuple<_Tp...>& __x, const tuple<_Up...>& __y) {
      | ^
/Library/Developer/CommandLineTools/SDKs/MacOSX.sdk/usr/include/c++/v1/__memory/allocator.h:260:35: note: candidate template ignored: could not match 'allocator' against 'gfp_'
  260 | inline _LIBCPP_HIDE_FROM_ABI bool operator!=(const allocator<_Tp>&, const allocator<_Up>&) _NOEXCEPT {
      |                                   ^
/Library/Developer/CommandLineTools/SDKs/MacOSX.sdk/usr/include/c++/v1/__memory/unique_ptr.h:503:35: note: candidate template ignored: could not match 'unique_ptr' against 'gfp_'
  503 | inline _LIBCPP_HIDE_FROM_ABI bool operator!=(const unique_ptr<_T1, _D1>& __x, const unique_ptr<_T2, _D2>& __y) {
      |                                   ^
/Library/Developer/CommandLineTools/SDKs/MacOSX.sdk/usr/include/c++/v1/__memory/unique_ptr.h:554:35: note: candidate template ignored: could not match 'unique_ptr' against 'gfp_'
  554 | inline _LIBCPP_HIDE_FROM_ABI bool operator!=(const unique_ptr<_T1, _D1>& __x, nullptr_t) _NOEXCEPT {
      |                                   ^
/Library/Developer/CommandLineTools/SDKs/MacOSX.sdk/usr/include/c++/v1/__memory/unique_ptr.h:559:35: note: candidate template ignored: could not match 'unique_ptr<_T1, _D1>' against 'int128'
  559 | inline _LIBCPP_HIDE_FROM_ABI bool operator!=(nullptr_t, const unique_ptr<_T1, _D1>& __x) _NOEXCEPT {
      |                                   ^
/Library/Developer/CommandLineTools/SDKs/MacOSX.sdk/usr/include/c++/v1/__memory/shared_ptr.h:1132:35: note: candidate template ignored: could not match 'shared_ptr' against 'gfp_'
 1132 | inline _LIBCPP_HIDE_FROM_ABI bool operator!=(const shared_ptr<_Tp>& __x, const shared_ptr<_Up>& __y) _NOEXCEPT {
      |                                   ^
/Library/Developer/CommandLineTools/SDKs/MacOSX.sdk/usr/include/c++/v1/__memory/shared_ptr.h:1183:35: note: candidate template ignored: could not match 'shared_ptr' against 'gfp_'
 1183 | inline _LIBCPP_HIDE_FROM_ABI bool operator!=(const shared_ptr<_Tp>& __x, nullptr_t) _NOEXCEPT {
      |                                   ^
/Library/Developer/CommandLineTools/SDKs/MacOSX.sdk/usr/include/c++/v1/__memory/shared_ptr.h:1188:35: note: candidate template ignored: could not match 'shared_ptr<_Tp>' against 'int128'
 1188 | inline _LIBCPP_HIDE_FROM_ABI bool operator!=(nullptr_t, const shared_ptr<_Tp>& __x) _NOEXCEPT {
      |                                   ^
/Library/Developer/CommandLineTools/SDKs/MacOSX.sdk/usr/include/c++/v1/__ios/fpos.h:70:35: note: candidate template ignored: could not match 'fpos' against 'gfp_'
   70 | inline _LIBCPP_HIDE_FROM_ABI bool operator!=(const fpos<_StateT>& __x, const fpos<_StateT>& __y) {
      |                                   ^
/Library/Developer/CommandLineTools/SDKs/MacOSX.sdk/usr/include/c++/v1/string:3888:35: note: candidate template ignored: could not match 'basic_string' against 'gfp_'
 3888 | inline _LIBCPP_HIDE_FROM_ABI bool operator!=(const basic_string<_CharT, _Traits, _Allocator>& __lhs,
      |                                   ^
/Library/Developer/CommandLineTools/SDKs/MacOSX.sdk/usr/include/c++/v1/string:3895:1: note: candidate template ignored: could not match 'const _CharT *' against 'typename MaliciousShamirShare<gfp_<0, 2>>::clear' (aka 'gfp_<0, 2>')
 3895 | operator!=(const _CharT* __lhs, const basic_string<_CharT, _Traits, _Allocator>& __rhs) _NOEXCEPT {
      | ^
/Library/Developer/CommandLineTools/SDKs/MacOSX.sdk/usr/include/c++/v1/string:3901:1: note: candidate template ignored: could not match 'basic_string' against 'gfp_'
 3901 | operator!=(const basic_string<_CharT, _Traits, _Allocator>& __lhs, const _CharT* __rhs) _NOEXCEPT {
      | ^
/Library/Developer/CommandLineTools/SDKs/MacOSX.sdk/usr/include/c++/v1/array:396:35: note: candidate template ignored: could not match 'array' against 'gfp_'
  396 | inline _LIBCPP_HIDE_FROM_ABI bool operator!=(const array<_Tp, _Size>& __x, const array<_Tp, _Size>& __y) {
      |                                   ^
/Library/Developer/CommandLineTools/SDKs/MacOSX.sdk/usr/include/c++/v1/vector:2915:35: note: candidate template ignored: could not match 'vector' against 'gfp_'
 2915 | inline _LIBCPP_HIDE_FROM_ABI bool operator!=(const vector<_Tp, _Allocator>& __x, const vector<_Tp, _Allocator>& __y) {
      |                                   ^
/Library/Developer/CommandLineTools/SDKs/MacOSX.sdk/usr/include/c++/v1/list:1659:35: note: candidate template ignored: could not match 'list' against 'gfp_'
 1659 | inline _LIBCPP_HIDE_FROM_ABI bool operator!=(const list<_Tp, _Alloc>& __x, const list<_Tp, _Alloc>& __y) {
      |                                   ^
/Library/Developer/CommandLineTools/SDKs/MacOSX.sdk/usr/include/c++/v1/__functional/function.h:1026:35: note: candidate template ignored: could not match 'function' against 'gfp_'
 1026 | inline _LIBCPP_HIDE_FROM_ABI bool operator!=(const function<_Rp(_ArgTypes...)>& __f, nullptr_t) _NOEXCEPT {
      |                                   ^
/Library/Developer/CommandLineTools/SDKs/MacOSX.sdk/usr/include/c++/v1/__functional/function.h:1031:35: note: candidate template ignored: could not match 'function<_Rp (_ArgTypes...)>' against 'int128'
 1031 | inline _LIBCPP_HIDE_FROM_ABI bool operator!=(nullptr_t, const function<_Rp(_ArgTypes...)>& __f) _NOEXCEPT {
      |                                   ^
/Library/Developer/CommandLineTools/SDKs/MacOSX.sdk/usr/include/c++/v1/unordered_map:1819:35: note: candidate template ignored: could not match 'unordered_map' against 'gfp_'
 1819 | inline _LIBCPP_HIDE_FROM_ABI bool operator!=(const unordered_map<_Key, _Tp, _Hash, _Pred, _Alloc>& __x,
      |                                   ^
/Library/Developer/CommandLineTools/SDKs/MacOSX.sdk/usr/include/c++/v1/unordered_map:2509:35: note: candidate template ignored: could not match 'unordered_multimap' against 'gfp_'
 2509 | inline _LIBCPP_HIDE_FROM_ABI bool operator!=(const unordered_multimap<_Key, _Tp, _Hash, _Pred, _Alloc>& __x,
      |                                   ^
/Library/Developer/CommandLineTools/SDKs/MacOSX.sdk/usr/include/c++/v1/map:1593:1: note: candidate template ignored: could not match 'map' against 'gfp_'
 1593 | operator!=(const map<_Key, _Tp, _Compare, _Allocator>& __x, const map<_Key, _Tp, _Compare, _Allocator>& __y) {
      | ^
/Library/Developer/CommandLineTools/SDKs/MacOSX.sdk/usr/include/c++/v1/map:2106:1: note: candidate template ignored: could not match 'multimap' against 'gfp_'
 2106 | operator!=(const multimap<_Key, _Tp, _Compare, _Allocator>& __x, const multimap<_Key, _Tp, _Compare, _Allocator>& __y) {
      | ^
/Library/Developer/CommandLineTools/SDKs/MacOSX.sdk/usr/include/c++/v1/deque:2530:35: note: candidate template ignored: could not match 'deque' against 'gfp_'
 2530 | inline _LIBCPP_HIDE_FROM_ABI bool operator!=(const deque<_Tp, _Allocator>& __x, const deque<_Tp, _Allocator>& __y) {
      |                                   ^
/Library/Developer/CommandLineTools/SDKs/MacOSX.sdk/usr/include/c++/v1/queue:473:35: note: candidate template ignored: could not match 'queue' against 'gfp_'
  473 | inline _LIBCPP_HIDE_FROM_ABI bool operator!=(const queue<_Tp, _Container>& __x, const queue<_Tp, _Container>& __y) {
      |                                   ^
/Library/Developer/CommandLineTools/SDKs/MacOSX.sdk/usr/include/c++/v1/stack:329:35: note: candidate template ignored: could not match 'stack' against 'gfp_'
  329 | inline _LIBCPP_HIDE_FROM_ABI bool operator!=(const stack<_Tp, _Container>& __x, const stack<_Tp, _Container>& __y) {
      |                                   ^
/Library/Developer/CommandLineTools/SDKs/MacOSX.sdk/usr/include/c++/v1/set:969:1: note: candidate template ignored: could not match 'set' against 'gfp_'
  969 | operator!=(const set<_Key, _Compare, _Allocator>& __x, const set<_Key, _Compare, _Allocator>& __y) {
      | ^
/Library/Developer/CommandLineTools/SDKs/MacOSX.sdk/usr/include/c++/v1/set:1428:1: note: candidate template ignored: could not match 'multiset' against 'gfp_'
 1428 | operator!=(const multiset<_Key, _Compare, _Allocator>& __x, const multiset<_Key, _Compare, _Allocator>& __y) {
      | ^
/opt/homebrew/include/gmpxx.h:3340:41: note: candidate template ignored: could not match '__gmp_expr' against 'gfp_'
 3340 | __GMP_DEFINE_BINARY_TYPE_FUNCTION(bool, operator!=, ! __gmp_binary_equal)
      |                                         ^
/opt/homebrew/include/gmpxx.h:3340:41: note: candidate template ignored: could not match '__gmp_expr' against 'gfp_'
/opt/homebrew/include/gmpxx.h:3340:41: note: candidate template ignored: could not match '__gmp_expr<T, U>' against 'int128'
/opt/homebrew/include/gmpxx.h:3340:41: note: candidate template ignored: could not match '__gmp_expr' against 'gfp_'
/opt/homebrew/include/gmpxx.h:3340:41: note: candidate template ignored: could not match '__gmp_expr<T, U>' against 'int128'
/opt/homebrew/include/gmpxx.h:3340:41: note: candidate template ignored: could not match '__gmp_expr' against 'gfp_'
/opt/homebrew/include/gmpxx.h:3340:41: note: candidate template ignored: could not match '__gmp_expr<T, U>' against 'int128'
/opt/homebrew/include/gmpxx.h:3340:41: note: candidate template ignored: could not match '__gmp_expr' against 'gfp_'
/opt/homebrew/include/gmpxx.h:3340:41: note: candidate template ignored: could not match '__gmp_expr<T, U>' against 'int128'
/opt/homebrew/include/gmpxx.h:3340:41: note: candidate template ignored: could not match '__gmp_expr' against 'gfp_'
/opt/homebrew/include/gmpxx.h:3340:41: note: candidate template ignored: could not match '__gmp_expr<T, U>' against 'int128'
/opt/homebrew/include/gmpxx.h:3340:41: note: candidate template ignored: could not match '__gmp_expr' against 'gfp_'
/opt/homebrew/include/gmpxx.h:3340:41: note: candidate template ignored: could not match '__gmp_expr<T, U>' against 'int128'
/opt/homebrew/include/gmpxx.h:3340:41: note: candidate template ignored: could not match '__gmp_expr' against 'gfp_'
/opt/homebrew/include/gmpxx.h:3340:41: note: candidate template ignored: could not match '__gmp_expr<T, U>' against 'int128'
/opt/homebrew/include/gmpxx.h:3340:41: note: candidate template ignored: could not match '__gmp_expr' against 'gfp_'
/opt/homebrew/include/gmpxx.h:3340:41: note: candidate template ignored: could not match '__gmp_expr<T, U>' against 'int128'
/opt/homebrew/include/gmpxx.h:3340:41: note: candidate template ignored: could not match '__gmp_expr' against 'gfp_'
/opt/homebrew/include/gmpxx.h:3340:41: note: candidate template ignored: could not match '__gmp_expr<T, U>' against 'int128'
/opt/homebrew/include/gmpxx.h:3340:41: note: candidate template ignored: could not match '__gmp_expr' against 'gfp_'
/opt/homebrew/include/gmpxx.h:3340:41: note: candidate template ignored: could not match '__gmp_expr<T, U>' against 'int128'
/Library/Developer/CommandLineTools/SDKs/MacOSX.sdk/usr/include/c++/v1/forward_list:1489:1: note: candidate template ignored: could not match 'forward_list' against 'gfp_'
 1489 | operator!=(const forward_list<_Tp, _Alloc>& __x, const forward_list<_Tp, _Alloc>& __y) {
      | ^
./Math/gfp.h:186:8: note: candidate function not viable: no known conversion from 'int128' to 'const gfp_<0, 2>' for 1st argument
  186 |   bool operator!=(const gfp_& y) const { return !equal(y); }
      |        ^          ~~~~~~~~~~~~~
In file included from Machines/malicious-shamir-party.cpp:8:
In file included from ./Machines/MalRep.hpp:9:
In file included from ./Protocols/MalRepRingPrep.hpp:15:
./Protocols/ShuffleSacrifice.hpp:120:42: error: invalid operands to binary expression ('typename MaliciousShamirShare<gfp_<0, 2>>::clear' (aka 'gfp_<0, 2>') and 'int128')
  120 |         if (typename T::clear(opened[i]) != bits[i].get())
      |             ~~~~~~~~~~~~~~~~~~~~~~~~~~~~ ^  ~~~~~~~~~~~~~
./Protocols/MaliciousRingPrep.hpp:55:27: note: in instantiation of member function 'DabitShuffleSacrifice<MaliciousShamirShare<gfp_<0, 2>>>::dabit_sacrifice' requested here
   55 |         shuffle_sacrifice.dabit_sacrifice(this->dabits, check_dabits, *this->proc,
      |                           ^
./Protocols/MaliciousRingPrep.hpp:18:5: note: in instantiation of function template specialization 'MaliciousDabitOnlyPrep<MaliciousShamirShare<gfp_<0, 2>>>::buffer_dabits<0>' requested here
   18 |     buffer_dabits<0>(queues, T::clear::characteristic_two,
      |     ^
./Protocols/MaliciousRepPrep.hpp:44:30: note: in instantiation of member function 'MaliciousDabitOnlyPrep<MaliciousShamirShare<gfp_<0, 2>>>::buffer_dabits' requested here
   44 | MaliciousRepPrepWithBits<T>::MaliciousRepPrepWithBits(SubProcessor<T>* proc,
      |                              ^
./Processor/Data_Files.hpp:16:14: note: in instantiation of member function 'MaliciousRepPrepWithBits<MaliciousShamirShare<gfp_<0, 2>>>::MaliciousRepPrepWithBits' requested here
   16 |   return new typename T::LivePrep(proc, usage);
      |              ^
./Processor/Data_Files.hpp:26:12: note: in instantiation of member function 'Preprocessing<MaliciousShamirShare<gfp_<0, 2>>>::get_live_prep' requested here
   26 |     return get_live_prep(proc, usage);
      |            ^
./Processor/Data_Files.hpp:153:34: note: (skipping 2 contexts in backtrace; use -ftemplate-backtrace-limit=0 to see all)
  153 |     DataFp(*Preprocessing<sint>::get_new(machine, usage, procp)),
      |                                  ^
./Processor/OnlineMachine.hpp:193:70: note: in instantiation of member function 'Machine<MaliciousShamirShare<gfp_<0, 2>>, MaliciousShamirShare<gf2n_long>>::run' requested here
  193 |         Machine<T, U>(playerNames, use_encryption, online_opts, lg2).run(
      |                                                                      ^
./Processor/FieldMachine.hpp:47:10: note: in instantiation of function template specialization 'OnlineMachine::run<MaliciousShamirShare<gfp_<0, 2>>, MaliciousShamirShare<gf2n_long>>' requested here
   47 |     X(1) X(2) X(3) X(4)
      |          ^
./Processor/FieldMachine.hpp:44:26: note: expanded from macro 'X'
   44 |         machine.template run<T<gfp_<0, L>>, V<X>>(); \
      |                          ^
./Processor/FieldMachine.hpp:29:5: note: in instantiation of member function 'FieldMachine<MaliciousShamirShare, MaliciousShamirShare, HonestMajorityMachine>::FieldMachine' requested here
   29 |     FieldMachine<T, T, V>(argc, argv, opt, online_opts,
      |     ^
Machines/ShamirMachine.hpp:100:5: note: in instantiation of member function 'HonestMajorityFieldMachine<MaliciousShamirShare>::HonestMajorityFieldMachine' requested here
  100 |     HonestMajorityFieldMachine<T>(argc, argv, opt, opts.nparties);
      |     ^
Machines/malicious-shamir-party.cpp:14:5: note: in instantiation of member function 'ShamirMachineSpec<MaliciousShamirShare>::ShamirMachineSpec' requested here
   14 |     ShamirMachineSpec<MaliciousShamirShare>(argc, argv);
      |     ^
/Library/Developer/CommandLineTools/SDKs/MacOSX.sdk/usr/include/c++/v1/__variant/monostate.h:38:45: note: candidate function not viable: no known conversion from 'typename MaliciousShamirShare<gfp_<0, 2>>::clear' (aka 'gfp_<0, 2>') to 'monostate' for 1st argument
   38 | _LIBCPP_HIDE_FROM_ABI inline constexpr bool operator!=(monostate, monostate) noexcept { return false; }
      |                                             ^          ~~~~~~~~~
/Library/Developer/CommandLineTools/SDKs/MacOSX.sdk/usr/include/c++/v1/__system_error/error_condition.h:102:35: note: candidate function not viable: no known conversion from 'typename MaliciousShamirShare<gfp_<0, 2>>::clear' (aka 'gfp_<0, 2>') to 'const error_condition' for 1st argument
  102 | inline _LIBCPP_HIDE_FROM_ABI bool operator!=(const error_condition& __x, const error_condition& __y) _NOEXCEPT {
      |                                   ^          ~~~~~~~~~~~~~~~~~~~~~~~~~~
/Library/Developer/CommandLineTools/SDKs/MacOSX.sdk/usr/include/c++/v1/__system_error/error_code.h:108:35: note: candidate function not viable: no known conversion from 'typename MaliciousShamirShare<gfp_<0, 2>>::clear' (aka 'gfp_<0, 2>') to 'const error_code' for 1st argument
  108 | inline _LIBCPP_HIDE_FROM_ABI bool operator!=(const error_code& __x, const error_code& __y) _NOEXCEPT {
      |                                   ^          ~~~~~~~~~~~~~~~~~~~~~
/Library/Developer/CommandLineTools/SDKs/MacOSX.sdk/usr/include/c++/v1/__system_error/error_code.h:112:35: note: candidate function not viable: no known conversion from 'typename MaliciousShamirShare<gfp_<0, 2>>::clear' (aka 'gfp_<0, 2>') to 'const error_code' for 1st argument
  112 | inline _LIBCPP_HIDE_FROM_ABI bool operator!=(const error_code& __x, const error_condition& __y) _NOEXCEPT {
      |                                   ^          ~~~~~~~~~~~~~~~~~~~~~
/Library/Developer/CommandLineTools/SDKs/MacOSX.sdk/usr/include/c++/v1/__system_error/error_code.h:116:35: note: candidate function not viable: no known conversion from 'typename MaliciousShamirShare<gfp_<0, 2>>::clear' (aka 'gfp_<0, 2>') to 'const error_condition' for 1st argument
  116 | inline _LIBCPP_HIDE_FROM_ABI bool operator!=(const error_condition& __x, const error_code& __y) _NOEXCEPT {
      |                                   ^          ~~~~~~~~~~~~~~~~~~~~~~~~~~
/Library/Developer/CommandLineTools/SDKs/MacOSX.sdk/usr/include/c++/v1/__thread/id.h:89:35: note: candidate function not viable: no known conversion from 'typename MaliciousShamirShare<gfp_<0, 2>>::clear' (aka 'gfp_<0, 2>') to '__thread_id' for 1st argument
   89 | inline _LIBCPP_HIDE_FROM_ABI bool operator!=(__thread_id __x, __thread_id __y) _NOEXCEPT { return !(__x == __y); }
      |                                   ^          ~~~~~~~~~~~~~~~
/Library/Developer/CommandLineTools/SDKs/MacOSX.sdk/usr/include/c++/v1/__utility/pair.h:512:1: note: candidate template ignored: could not match 'pair' against 'MaliciousShamirShare<gfp_<0, 2> >::gfp_'
  512 | operator!=(const pair<_T1, _T2>& __x, const pair<_U1, _U2>& __y) {
      | ^
/Library/Developer/CommandLineTools/SDKs/MacOSX.sdk/usr/include/c++/v1/__iterator/reverse_iterator.h:230:1: note: candidate template ignored: could not match 'reverse_iterator' against 'MaliciousShamirShare<gfp_<0, 2> >::gfp_'
  230 | operator!=(const reverse_iterator<_Iter1>& __x, const reverse_iterator<_Iter2>& __y)
      | ^
/Library/Developer/CommandLineTools/SDKs/MacOSX.sdk/usr/include/c++/v1/__iterator/wrap_iter.h:140:1: note: candidate template ignored: could not match '__wrap_iter' against 'MaliciousShamirShare<gfp_<0, 2> >::gfp_'
  140 | operator!=(const __wrap_iter<_Iter1>& __x, const __wrap_iter<_Iter1>& __y) _NOEXCEPT {
      | ^
/Library/Developer/CommandLineTools/SDKs/MacOSX.sdk/usr/include/c++/v1/__iterator/wrap_iter.h:146:1: note: candidate template ignored: could not match '__wrap_iter' against 'MaliciousShamirShare<gfp_<0, 2> >::gfp_'
  146 | operator!=(const __wrap_iter<_Iter1>& __x, const __wrap_iter<_Iter2>& __y) _NOEXCEPT {
      | ^
/Library/Developer/CommandLineTools/SDKs/MacOSX.sdk/usr/include/c++/v1/string_view:762:1: note: candidate template ignored: could not match 'basic_string_view' against 'MaliciousShamirShare<gfp_<0, 2> >::gfp_'
  762 | operator!=(basic_string_view<_CharT, _Traits> __lhs, basic_string_view<_CharT, _Traits> __rhs) _NOEXCEPT {
      | ^
/Library/Developer/CommandLineTools/SDKs/MacOSX.sdk/usr/include/c++/v1/string_view:770:1: note: candidate template ignored: could not match 'basic_string_view' against 'MaliciousShamirShare<gfp_<0, 2> >::gfp_'
  770 | operator!=(basic_string_view<_CharT, _Traits> __lhs,
      | ^
/Library/Developer/CommandLineTools/SDKs/MacOSX.sdk/usr/include/c++/v1/string_view:779:1: note: candidate template ignored: could not match 'basic_string_view<_CharT, _Traits>' against 'int128'
  779 | operator!=(__type_identity_t<basic_string_view<_CharT, _Traits> > __lhs,
      | ^
/Library/Developer/CommandLineTools/SDKs/MacOSX.sdk/usr/include/c++/v1/optional:999:1: note: candidate template ignored: could not match 'optional' against 'MaliciousShamirShare<gfp_<0, 2> >::gfp_'
  999 | operator!=(const optional<_Tp>& __x, const optional<_Up>& __y) {
      | ^
/Library/Developer/CommandLineTools/SDKs/MacOSX.sdk/usr/include/c++/v1/optional:1081:38: note: candidate template ignored: could not match 'optional' against 'MaliciousShamirShare<gfp_<0, 2> >::gfp_'
 1081 | _LIBCPP_HIDE_FROM_ABI constexpr bool operator!=(const optional<_Tp>& __x, nullopt_t) noexcept {
      |                                      ^
/Library/Developer/CommandLineTools/SDKs/MacOSX.sdk/usr/include/c++/v1/optional:1086:38: note: candidate template ignored: could not match 'optional<_Tp>' against 'int128'
 1086 | _LIBCPP_HIDE_FROM_ABI constexpr bool operator!=(nullopt_t, const optional<_Tp>& __x) noexcept {
      |                                      ^
/Library/Developer/CommandLineTools/SDKs/MacOSX.sdk/usr/include/c++/v1/optional:1160:1: note: candidate template ignored: could not match 'optional' against 'MaliciousShamirShare<gfp_<0, 2> >::gfp_'
 1160 | operator!=(const optional<_Tp>& __x, const _Up& __v) {
      | ^
/Library/Developer/CommandLineTools/SDKs/MacOSX.sdk/usr/include/c++/v1/optional:1168:1: note: candidate template ignored: could not match 'optional<_Up>' against 'int128'
 1168 | operator!=(const _Tp& __v, const optional<_Up>& __x) {
      | ^
/Library/Developer/CommandLineTools/SDKs/MacOSX.sdk/usr/include/c++/v1/__iterator/istream_iterator.h:93:35: note: candidate template ignored: could not match 'istream_iterator' against 'MaliciousShamirShare<gfp_<0, 2> >::gfp_'
   93 | inline _LIBCPP_HIDE_FROM_ABI bool operator!=(const istream_iterator<_Tp, _CharT, _Traits, _Distance>& __x,
      |                                   ^
/Library/Developer/CommandLineTools/SDKs/MacOSX.sdk/usr/include/c++/v1/__iterator/istreambuf_iterator.h:102:1: note: candidate template ignored: could not match 'istreambuf_iterator' against 'MaliciousShamirShare<gfp_<0, 2> >::gfp_'
  102 | operator!=(const istreambuf_iterator<_CharT, _Traits>& __a, const istreambuf_iterator<_CharT, _Traits>& __b) {
      | ^
/Library/Developer/CommandLineTools/SDKs/MacOSX.sdk/usr/include/c++/v1/__iterator/move_iterator.h:262:1: note: candidate template ignored: could not match 'move_iterator' against 'MaliciousShamirShare<gfp_<0, 2> >::gfp_'
  262 | operator!=(const move_iterator<_Iter1>& __x, const move_iterator<_Iter2>& __y) {
      | ^
/Library/Developer/CommandLineTools/SDKs/MacOSX.sdk/usr/include/c++/v1/variant:1500:38: note: candidate template ignored: could not match 'variant' against 'MaliciousShamirShare<gfp_<0, 2> >::gfp_'
 1500 | _LIBCPP_HIDE_FROM_ABI constexpr bool operator!=(const variant<_Types...>& __lhs, const variant<_Types...>& __rhs) {
      |                                      ^
/Library/Developer/CommandLineTools/SDKs/MacOSX.sdk/usr/include/c++/v1/tuple:1179:1: note: candidate template ignored: could not match 'tuple' against 'MaliciousShamirShare<gfp_<0, 2> >::gfp_'
 1179 | operator!=(const tuple<_Tp...>& __x, const tuple<_Up...>& __y) {
      | ^
/Library/Developer/CommandLineTools/SDKs/MacOSX.sdk/usr/include/c++/v1/__memory/allocator.h:260:35: note: candidate template ignored: could not match 'allocator' against 'MaliciousShamirShare<gfp_<0, 2> >::gfp_'
  260 | inline _LIBCPP_HIDE_FROM_ABI bool operator!=(const allocator<_Tp>&, const allocator<_Up>&) _NOEXCEPT {
      |                                   ^
/Library/Developer/CommandLineTools/SDKs/MacOSX.sdk/usr/include/c++/v1/__memory/unique_ptr.h:503:35: note: candidate template ignored: could not match 'unique_ptr' against 'MaliciousShamirShare<gfp_<0, 2> >::gfp_'
  503 | inline _LIBCPP_HIDE_FROM_ABI bool operator!=(const unique_ptr<_T1, _D1>& __x, const unique_ptr<_T2, _D2>& __y) {
      |                                   ^
/Library/Developer/CommandLineTools/SDKs/MacOSX.sdk/usr/include/c++/v1/__memory/unique_ptr.h:554:35: note: candidate template ignored: could not match 'unique_ptr' against 'MaliciousShamirShare<gfp_<0, 2> >::gfp_'
  554 | inline _LIBCPP_HIDE_FROM_ABI bool operator!=(const unique_ptr<_T1, _D1>& __x, nullptr_t) _NOEXCEPT {
      |                                   ^
/Library/Developer/CommandLineTools/SDKs/MacOSX.sdk/usr/include/c++/v1/__memory/unique_ptr.h:559:35: note: candidate template ignored: could not match 'unique_ptr<_T1, _D1>' against 'int128'
  559 | inline _LIBCPP_HIDE_FROM_ABI bool operator!=(nullptr_t, const unique_ptr<_T1, _D1>& __x) _NOEXCEPT {
      |                                   ^
/Library/Developer/CommandLineTools/SDKs/MacOSX.sdk/usr/include/c++/v1/__memory/shared_ptr.h:1132:35: note: candidate template ignored: could not match 'shared_ptr' against 'MaliciousShamirShare<gfp_<0, 2> >::gfp_'
 1132 | inline _LIBCPP_HIDE_FROM_ABI bool operator!=(const shared_ptr<_Tp>& __x, const shared_ptr<_Up>& __y) _NOEXCEPT {
      |                                   ^
/Library/Developer/CommandLineTools/SDKs/MacOSX.sdk/usr/include/c++/v1/__memory/shared_ptr.h:1183:35: note: candidate template ignored: could not match 'shared_ptr' against 'MaliciousShamirShare<gfp_<0, 2> >::gfp_'
 1183 | inline _LIBCPP_HIDE_FROM_ABI bool operator!=(const shared_ptr<_Tp>& __x, nullptr_t) _NOEXCEPT {
      |                                   ^
/Library/Developer/CommandLineTools/SDKs/MacOSX.sdk/usr/include/c++/v1/__memory/shared_ptr.h:1188:35: note: candidate template ignored: could not match 'shared_ptr<_Tp>' against 'int128'
 1188 | inline _LIBCPP_HIDE_FROM_ABI bool operator!=(nullptr_t, const shared_ptr<_Tp>& __x) _NOEXCEPT {
      |                                   ^
/Library/Developer/CommandLineTools/SDKs/MacOSX.sdk/usr/include/c++/v1/__ios/fpos.h:70:35: note: candidate template ignored: could not match 'fpos' against 'MaliciousShamirShare<gfp_<0, 2> >::gfp_'
   70 | inline _LIBCPP_HIDE_FROM_ABI bool operator!=(const fpos<_StateT>& __x, const fpos<_StateT>& __y) {
      |                                   ^
/Library/Developer/CommandLineTools/SDKs/MacOSX.sdk/usr/include/c++/v1/string:3888:35: note: candidate template ignored: could not match 'basic_string' against 'MaliciousShamirShare<gfp_<0, 2> >::gfp_'
 3888 | inline _LIBCPP_HIDE_FROM_ABI bool operator!=(const basic_string<_CharT, _Traits, _Allocator>& __lhs,
      |                                   ^
/Library/Developer/CommandLineTools/SDKs/MacOSX.sdk/usr/include/c++/v1/string:3895:1: note: candidate template ignored: could not match 'const _CharT *' against 'typename MaliciousShamirShare<gfp_<0, 2>>::clear' (aka 'gfp_<0, 2>')
 3895 | operator!=(const _CharT* __lhs, const basic_string<_CharT, _Traits, _Allocator>& __rhs) _NOEXCEPT {
      | ^
/Library/Developer/CommandLineTools/SDKs/MacOSX.sdk/usr/include/c++/v1/string:3901:1: note: candidate template ignored: could not match 'basic_string' against 'MaliciousShamirShare<gfp_<0, 2> >::gfp_'
 3901 | operator!=(const basic_string<_CharT, _Traits, _Allocator>& __lhs, const _CharT* __rhs) _NOEXCEPT {
      | ^
/Library/Developer/CommandLineTools/SDKs/MacOSX.sdk/usr/include/c++/v1/array:396:35: note: candidate template ignored: could not match 'array' against 'MaliciousShamirShare<gfp_<0, 2> >::gfp_'
  396 | inline _LIBCPP_HIDE_FROM_ABI bool operator!=(const array<_Tp, _Size>& __x, const array<_Tp, _Size>& __y) {
      |                                   ^
/Library/Developer/CommandLineTools/SDKs/MacOSX.sdk/usr/include/c++/v1/vector:2915:35: note: candidate template ignored: could not match 'vector' against 'MaliciousShamirShare<gfp_<0, 2> >::gfp_'
 2915 | inline _LIBCPP_HIDE_FROM_ABI bool operator!=(const vector<_Tp, _Allocator>& __x, const vector<_Tp, _Allocator>& __y) {
      |                                   ^
/Library/Developer/CommandLineTools/SDKs/MacOSX.sdk/usr/include/c++/v1/list:1659:35: note: candidate template ignored: could not match 'list' against 'MaliciousShamirShare<gfp_<0, 2> >::gfp_'
 1659 | inline _LIBCPP_HIDE_FROM_ABI bool operator!=(const list<_Tp, _Alloc>& __x, const list<_Tp, _Alloc>& __y) {
      |                                   ^
/Library/Developer/CommandLineTools/SDKs/MacOSX.sdk/usr/include/c++/v1/__functional/function.h:1026:35: note: candidate template ignored: could not match 'function' against 'MaliciousShamirShare<gfp_<0, 2> >::gfp_'
 1026 | inline _LIBCPP_HIDE_FROM_ABI bool operator!=(const function<_Rp(_ArgTypes...)>& __f, nullptr_t) _NOEXCEPT {
      |                                   ^
/Library/Developer/CommandLineTools/SDKs/MacOSX.sdk/usr/include/c++/v1/__functional/function.h:1031:35: note: candidate template ignored: could not match 'function<_Rp (_ArgTypes...)>' against 'int128'
 1031 | inline _LIBCPP_HIDE_FROM_ABI bool operator!=(nullptr_t, const function<_Rp(_ArgTypes...)>& __f) _NOEXCEPT {
      |                                   ^
/Library/Developer/CommandLineTools/SDKs/MacOSX.sdk/usr/include/c++/v1/unordered_map:1819:35: note: candidate template ignored: could not match 'unordered_map' against 'MaliciousShamirShare<gfp_<0, 2> >::gfp_'
 1819 | inline _LIBCPP_HIDE_FROM_ABI bool operator!=(const unordered_map<_Key, _Tp, _Hash, _Pred, _Alloc>& __x,
      |                                   ^
/Library/Developer/CommandLineTools/SDKs/MacOSX.sdk/usr/include/c++/v1/unordered_map:2509:35: note: candidate template ignored: could not match 'unordered_multimap' against 'MaliciousShamirShare<gfp_<0, 2> >::gfp_'
 2509 | inline _LIBCPP_HIDE_FROM_ABI bool operator!=(const unordered_multimap<_Key, _Tp, _Hash, _Pred, _Alloc>& __x,
      |                                   ^
/Library/Developer/CommandLineTools/SDKs/MacOSX.sdk/usr/include/c++/v1/map:1593:1: note: candidate template ignored: could not match 'map' against 'MaliciousShamirShare<gfp_<0, 2> >::gfp_'
 1593 | operator!=(const map<_Key, _Tp, _Compare, _Allocator>& __x, const map<_Key, _Tp, _Compare, _Allocator>& __y) {
      | ^
/Library/Developer/CommandLineTools/SDKs/MacOSX.sdk/usr/include/c++/v1/map:2106:1: note: candidate template ignored: could not match 'multimap' against 'MaliciousShamirShare<gfp_<0, 2> >::gfp_'
 2106 | operator!=(const multimap<_Key, _Tp, _Compare, _Allocator>& __x, const multimap<_Key, _Tp, _Compare, _Allocator>& __y) {
      | ^
/Library/Developer/CommandLineTools/SDKs/MacOSX.sdk/usr/include/c++/v1/deque:2530:35: note: candidate template ignored: could not match 'deque' against 'MaliciousShamirShare<gfp_<0, 2> >::gfp_'
 2530 | inline _LIBCPP_HIDE_FROM_ABI bool operator!=(const deque<_Tp, _Allocator>& __x, const deque<_Tp, _Allocator>& __y) {
      |                                   ^
/Library/Developer/CommandLineTools/SDKs/MacOSX.sdk/usr/include/c++/v1/queue:473:35: note: candidate template ignored: could not match 'queue' against 'MaliciousShamirShare<gfp_<0, 2> >::gfp_'
  473 | inline _LIBCPP_HIDE_FROM_ABI bool operator!=(const queue<_Tp, _Container>& __x, const queue<_Tp, _Container>& __y) {
      |                                   ^
/Library/Developer/CommandLineTools/SDKs/MacOSX.sdk/usr/include/c++/v1/stack:329:35: note: candidate template ignored: could not match 'stack' against 'MaliciousShamirShare<gfp_<0, 2> >::gfp_'
  329 | inline _LIBCPP_HIDE_FROM_ABI bool operator!=(const stack<_Tp, _Container>& __x, const stack<_Tp, _Container>& __y) {
      |                                   ^
/Library/Developer/CommandLineTools/SDKs/MacOSX.sdk/usr/include/c++/v1/set:969:1: note: candidate template ignored: could not match 'set' against 'MaliciousShamirShare<gfp_<0, 2> >::gfp_'
  969 | operator!=(const set<_Key, _Compare, _Allocator>& __x, const set<_Key, _Compare, _Allocator>& __y) {
      | ^
/Library/Developer/CommandLineTools/SDKs/MacOSX.sdk/usr/include/c++/v1/set:1428:1: note: candidate template ignored: could not match 'multiset' against 'MaliciousShamirShare<gfp_<0, 2> >::gfp_'
 1428 | operator!=(const multiset<_Key, _Compare, _Allocator>& __x, const multiset<_Key, _Compare, _Allocator>& __y) {
      | ^
/opt/homebrew/include/gmpxx.h:3340:41: note: candidate template ignored: could not match '__gmp_expr' against 'MaliciousShamirShare<gfp_<0, 2> >::gfp_'
 3340 | __GMP_DEFINE_BINARY_TYPE_FUNCTION(bool, operator!=, ! __gmp_binary_equal)
      |                                         ^
/opt/homebrew/include/gmpxx.h:3340:41: note: candidate template ignored: could not match '__gmp_expr' against 'MaliciousShamirShare<gfp_<0, 2> >::gfp_'
/opt/homebrew/include/gmpxx.h:3340:41: note: candidate template ignored: could not match '__gmp_expr<T, U>' against 'int128'
/opt/homebrew/include/gmpxx.h:3340:41: note: candidate template ignored: could not match '__gmp_expr' against 'MaliciousShamirShare<gfp_<0, 2> >::gfp_'
/opt/homebrew/include/gmpxx.h:3340:41: note: candidate template ignored: could not match '__gmp_expr<T, U>' against 'int128'
/opt/homebrew/include/gmpxx.h:3340:41: note: candidate template ignored: could not match '__gmp_expr' against 'MaliciousShamirShare<gfp_<0, 2> >::gfp_'
/opt/homebrew/include/gmpxx.h:3340:41: note: candidate template ignored: could not match '__gmp_expr<T, U>' against 'int128'
/opt/homebrew/include/gmpxx.h:3340:41: note: candidate template ignored: could not match '__gmp_expr' against 'MaliciousShamirShare<gfp_<0, 2> >::gfp_'
/opt/homebrew/include/gmpxx.h:3340:41: note: candidate template ignored: could not match '__gmp_expr<T, U>' against 'int128'
/opt/homebrew/include/gmpxx.h:3340:41: note: candidate template ignored: could not match '__gmp_expr' against 'MaliciousShamirShare<gfp_<0, 2> >::gfp_'
/opt/homebrew/include/gmpxx.h:3340:41: note: candidate template ignored: could not match '__gmp_expr<T, U>' against 'int128'
/opt/homebrew/include/gmpxx.h:3340:41: note: candidate template ignored: could not match '__gmp_expr' against 'MaliciousShamirShare<gfp_<0, 2> >::gfp_'
/opt/homebrew/include/gmpxx.h:3340:41: note: candidate template ignored: could not match '__gmp_expr<T, U>' against 'int128'
/opt/homebrew/include/gmpxx.h:3340:41: note: candidate template ignored: could not match '__gmp_expr' against 'MaliciousShamirShare<gfp_<0, 2> >::gfp_'
/opt/homebrew/include/gmpxx.h:3340:41: note: candidate template ignored: could not match '__gmp_expr<T, U>' against 'int128'
/opt/homebrew/include/gmpxx.h:3340:41: note: candidate template ignored: could not match '__gmp_expr' against 'MaliciousShamirShare<gfp_<0, 2> >::gfp_'
/opt/homebrew/include/gmpxx.h:3340:41: note: candidate template ignored: could not match '__gmp_expr<T, U>' against 'int128'
/opt/homebrew/include/gmpxx.h:3340:41: note: candidate template ignored: could not match '__gmp_expr' against 'MaliciousShamirShare<gfp_<0, 2> >::gfp_'
/opt/homebrew/include/gmpxx.h:3340:41: note: candidate template ignored: could not match '__gmp_expr<T, U>' against 'int128'
/opt/homebrew/include/gmpxx.h:3340:41: note: candidate template ignored: could not match '__gmp_expr' against 'MaliciousShamirShare<gfp_<0, 2> >::gfp_'
/opt/homebrew/include/gmpxx.h:3340:41: note: candidate template ignored: could not match '__gmp_expr<T, U>' against 'int128'
/Library/Developer/CommandLineTools/SDKs/MacOSX.sdk/usr/include/c++/v1/forward_list:1489:1: note: candidate template ignored: could not match 'forward_list' against 'MaliciousShamirShare<gfp_<0, 2> >::gfp_'
 1489 | operator!=(const forward_list<_Tp, _Alloc>& __x, const forward_list<_Tp, _Alloc>& __y) {
      | ^
./Math/gfp.h:186:8: note: candidate function not viable: no known conversion from 'int128' to 'const gfp_<0, 2>' for 1st argument
  186 |   bool operator!=(const gfp_& y) const { return !equal(y); }
      |        ^          ~~~~~~~~~~~~~
In file included from Machines/malicious-shamir-party.cpp:8:
In file included from ./Machines/MalRep.hpp:9:
In file included from ./Protocols/MalRepRingPrep.hpp:15:
./Protocols/ShuffleSacrifice.hpp:169:42: error: invalid operands to binary expression ('typename MaliciousShamirShare<gfp_<0, 2>>::clear' (aka 'gfp_<0, 2>') and 'int128')
  169 |         if (typename T::clear(opened[i]) != bits[i].get())
      |             ~~~~~~~~~~~~~~~~~~~~~~~~~~~~ ^  ~~~~~~~~~~~~~
/Library/Developer/CommandLineTools/SDKs/MacOSX.sdk/usr/include/c++/v1/__variant/monostate.h:38:45: note: candidate function not viable: no known conversion from 'typename MaliciousShamirShare<gfp_<0, 2>>::clear' (aka 'gfp_<0, 2>') to 'monostate' for 1st argument
   38 | _LIBCPP_HIDE_FROM_ABI inline constexpr bool operator!=(monostate, monostate) noexcept { return false; }
      |                                             ^          ~~~~~~~~~
/Library/Developer/CommandLineTools/SDKs/MacOSX.sdk/usr/include/c++/v1/__system_error/error_condition.h:102:35: note: candidate function not viable: no known conversion from 'typename MaliciousShamirShare<gfp_<0, 2>>::clear' (aka 'gfp_<0, 2>') to 'const error_condition' for 1st argument
  102 | inline _LIBCPP_HIDE_FROM_ABI bool operator!=(const error_condition& __x, const error_condition& __y) _NOEXCEPT {
      |                                   ^          ~~~~~~~~~~~~~~~~~~~~~~~~~~
/Library/Developer/CommandLineTools/SDKs/MacOSX.sdk/usr/include/c++/v1/__system_error/error_code.h:108:35: note: candidate function not viable: no known conversion from 'typename MaliciousShamirShare<gfp_<0, 2>>::clear' (aka 'gfp_<0, 2>') to 'const error_code' for 1st argument
  108 | inline _LIBCPP_HIDE_FROM_ABI bool operator!=(const error_code& __x, const error_code& __y) _NOEXCEPT {
      |                                   ^          ~~~~~~~~~~~~~~~~~~~~~
/Library/Developer/CommandLineTools/SDKs/MacOSX.sdk/usr/include/c++/v1/__system_error/error_code.h:112:35: note: candidate function not viable: no known conversion from 'typename MaliciousShamirShare<gfp_<0, 2>>::clear' (aka 'gfp_<0, 2>') to 'const error_code' for 1st argument
  112 | inline _LIBCPP_HIDE_FROM_ABI bool operator!=(const error_code& __x, const error_condition& __y) _NOEXCEPT {
      |                                   ^          ~~~~~~~~~~~~~~~~~~~~~
/Library/Developer/CommandLineTools/SDKs/MacOSX.sdk/usr/include/c++/v1/__system_error/error_code.h:116:35: note: candidate function not viable: no known conversion from 'typename MaliciousShamirShare<gfp_<0, 2>>::clear' (aka 'gfp_<0, 2>') to 'const error_condition' for 1st argument
  116 | inline _LIBCPP_HIDE_FROM_ABI bool operator!=(const error_condition& __x, const error_code& __y) _NOEXCEPT {
      |                                   ^          ~~~~~~~~~~~~~~~~~~~~~~~~~~
/Library/Developer/CommandLineTools/SDKs/MacOSX.sdk/usr/include/c++/v1/__thread/id.h:89:35: note: candidate function not viable: no known conversion from 'typename MaliciousShamirShare<gfp_<0, 2>>::clear' (aka 'gfp_<0, 2>') to '__thread_id' for 1st argument
   89 | inline _LIBCPP_HIDE_FROM_ABI bool operator!=(__thread_id __x, __thread_id __y) _NOEXCEPT { return !(__x == __y); }
      |                                   ^          ~~~~~~~~~~~~~~~
/Library/Developer/CommandLineTools/SDKs/MacOSX.sdk/usr/include/c++/v1/__utility/pair.h:512:1: note: candidate template ignored: could not match 'pair' against 'MaliciousShamirShare<gfp_<0, 2> >::gfp_'
  512 | operator!=(const pair<_T1, _T2>& __x, const pair<_U1, _U2>& __y) {
      | ^
/Library/Developer/CommandLineTools/SDKs/MacOSX.sdk/usr/include/c++/v1/__iterator/reverse_iterator.h:230:1: note: candidate template ignored: could not match 'reverse_iterator' against 'MaliciousShamirShare<gfp_<0, 2> >::gfp_'
  230 | operator!=(const reverse_iterator<_Iter1>& __x, const reverse_iterator<_Iter2>& __y)
      | ^
/Library/Developer/CommandLineTools/SDKs/MacOSX.sdk/usr/include/c++/v1/__iterator/wrap_iter.h:140:1: note: candidate template ignored: could not match '__wrap_iter' against 'MaliciousShamirShare<gfp_<0, 2> >::gfp_'
  140 | operator!=(const __wrap_iter<_Iter1>& __x, const __wrap_iter<_Iter1>& __y) _NOEXCEPT {
      | ^
/Library/Developer/CommandLineTools/SDKs/MacOSX.sdk/usr/include/c++/v1/__iterator/wrap_iter.h:146:1: note: candidate template ignored: could not match '__wrap_iter' against 'MaliciousShamirShare<gfp_<0, 2> >::gfp_'
  146 | operator!=(const __wrap_iter<_Iter1>& __x, const __wrap_iter<_Iter2>& __y) _NOEXCEPT {
      | ^
/Library/Developer/CommandLineTools/SDKs/MacOSX.sdk/usr/include/c++/v1/string_view:762:1: note: candidate template ignored: could not match 'basic_string_view' against 'MaliciousShamirShare<gfp_<0, 2> >::gfp_'
  762 | operator!=(basic_string_view<_CharT, _Traits> __lhs, basic_string_view<_CharT, _Traits> __rhs) _NOEXCEPT {
      | ^
/Library/Developer/CommandLineTools/SDKs/MacOSX.sdk/usr/include/c++/v1/string_view:770:1: note: candidate template ignored: could not match 'basic_string_view' against 'MaliciousShamirShare<gfp_<0, 2> >::gfp_'
  770 | operator!=(basic_string_view<_CharT, _Traits> __lhs,
      | ^
/Library/Developer/CommandLineTools/SDKs/MacOSX.sdk/usr/include/c++/v1/string_view:779:1: note: candidate template ignored: could not match 'basic_string_view<_CharT, _Traits>' against 'int128'
  779 | operator!=(__type_identity_t<basic_string_view<_CharT, _Traits> > __lhs,
      | ^
/Library/Developer/CommandLineTools/SDKs/MacOSX.sdk/usr/include/c++/v1/optional:999:1: note: candidate template ignored: could not match 'optional' against 'MaliciousShamirShare<gfp_<0, 2> >::gfp_'
  999 | operator!=(const optional<_Tp>& __x, const optional<_Up>& __y) {
      | ^
/Library/Developer/CommandLineTools/SDKs/MacOSX.sdk/usr/include/c++/v1/optional:1081:38: note: candidate template ignored: could not match 'optional' against 'MaliciousShamirShare<gfp_<0, 2> >::gfp_'
 1081 | _LIBCPP_HIDE_FROM_ABI constexpr bool operator!=(const optional<_Tp>& __x, nullopt_t) noexcept {
      |                                      ^
/Library/Developer/CommandLineTools/SDKs/MacOSX.sdk/usr/include/c++/v1/optional:1086:38: note: candidate template ignored: could not match 'optional<_Tp>' against 'int128'
 1086 | _LIBCPP_HIDE_FROM_ABI constexpr bool operator!=(nullopt_t, const optional<_Tp>& __x) noexcept {
      |                                      ^
/Library/Developer/CommandLineTools/SDKs/MacOSX.sdk/usr/include/c++/v1/optional:1160:1: note: candidate template ignored: could not match 'optional' against 'MaliciousShamirShare<gfp_<0, 2> >::gfp_'
 1160 | operator!=(const optional<_Tp>& __x, const _Up& __v) {
      | ^
/Library/Developer/CommandLineTools/SDKs/MacOSX.sdk/usr/include/c++/v1/optional:1168:1: note: candidate template ignored: could not match 'optional<_Up>' against 'int128'
 1168 | operator!=(const _Tp& __v, const optional<_Up>& __x) {
      | ^
/Library/Developer/CommandLineTools/SDKs/MacOSX.sdk/usr/include/c++/v1/__iterator/istream_iterator.h:93:35: note: candidate template ignored: could not match 'istream_iterator' against 'MaliciousShamirShare<gfp_<0, 2> >::gfp_'
   93 | inline _LIBCPP_HIDE_FROM_ABI bool operator!=(const istream_iterator<_Tp, _CharT, _Traits, _Distance>& __x,
      |                                   ^
/Library/Developer/CommandLineTools/SDKs/MacOSX.sdk/usr/include/c++/v1/__iterator/istreambuf_iterator.h:102:1: note: candidate template ignored: could not match 'istreambuf_iterator' against 'MaliciousShamirShare<gfp_<0, 2> >::gfp_'
  102 | operator!=(const istreambuf_iterator<_CharT, _Traits>& __a, const istreambuf_iterator<_CharT, _Traits>& __b) {
      | ^
/Library/Developer/CommandLineTools/SDKs/MacOSX.sdk/usr/include/c++/v1/__iterator/move_iterator.h:262:1: note: candidate template ignored: could not match 'move_iterator' against 'MaliciousShamirShare<gfp_<0, 2> >::gfp_'
  262 | operator!=(const move_iterator<_Iter1>& __x, const move_iterator<_Iter2>& __y) {
      | ^
/Library/Developer/CommandLineTools/SDKs/MacOSX.sdk/usr/include/c++/v1/variant:1500:38: note: candidate template ignored: could not match 'variant' against 'MaliciousShamirShare<gfp_<0, 2> >::gfp_'
 1500 | _LIBCPP_HIDE_FROM_ABI constexpr bool operator!=(const variant<_Types...>& __lhs, const variant<_Types...>& __rhs) {
      |                                      ^
/Library/Developer/CommandLineTools/SDKs/MacOSX.sdk/usr/include/c++/v1/tuple:1179:1: note: candidate template ignored: could not match 'tuple' against 'MaliciousShamirShare<gfp_<0, 2> >::gfp_'
 1179 | operator!=(const tuple<_Tp...>& __x, const tuple<_Up...>& __y) {
      | ^
/Library/Developer/CommandLineTools/SDKs/MacOSX.sdk/usr/include/c++/v1/__memory/allocator.h:260:35: note: candidate template ignored: could not match 'allocator' against 'MaliciousShamirShare<gfp_<0, 2> >::gfp_'
  260 | inline _LIBCPP_HIDE_FROM_ABI bool operator!=(const allocator<_Tp>&, const allocator<_Up>&) _NOEXCEPT {
      |                                   ^
/Library/Developer/CommandLineTools/SDKs/MacOSX.sdk/usr/include/c++/v1/__memory/unique_ptr.h:503:35: note: candidate template ignored: could not match 'unique_ptr' against 'MaliciousShamirShare<gfp_<0, 2> >::gfp_'
  503 | inline _LIBCPP_HIDE_FROM_ABI bool operator!=(const unique_ptr<_T1, _D1>& __x, const unique_ptr<_T2, _D2>& __y) {
      |                                   ^
/Library/Developer/CommandLineTools/SDKs/MacOSX.sdk/usr/include/c++/v1/__memory/unique_ptr.h:554:35: note: candidate template ignored: could not match 'unique_ptr' against 'MaliciousShamirShare<gfp_<0, 2> >::gfp_'
  554 | inline _LIBCPP_HIDE_FROM_ABI bool operator!=(const unique_ptr<_T1, _D1>& __x, nullptr_t) _NOEXCEPT {
      |                                   ^
/Library/Developer/CommandLineTools/SDKs/MacOSX.sdk/usr/include/c++/v1/__memory/unique_ptr.h:559:35: note: candidate template ignored: could not match 'unique_ptr<_T1, _D1>' against 'int128'
  559 | inline _LIBCPP_HIDE_FROM_ABI bool operator!=(nullptr_t, const unique_ptr<_T1, _D1>& __x) _NOEXCEPT {
      |                                   ^
/Library/Developer/CommandLineTools/SDKs/MacOSX.sdk/usr/include/c++/v1/__memory/shared_ptr.h:1132:35: note: candidate template ignored: could not match 'shared_ptr' against 'MaliciousShamirShare<gfp_<0, 2> >::gfp_'
 1132 | inline _LIBCPP_HIDE_FROM_ABI bool operator!=(const shared_ptr<_Tp>& __x, const shared_ptr<_Up>& __y) _NOEXCEPT {
      |                                   ^
/Library/Developer/CommandLineTools/SDKs/MacOSX.sdk/usr/include/c++/v1/__memory/shared_ptr.h:1183:35: note: candidate template ignored: could not match 'shared_ptr' against 'MaliciousShamirShare<gfp_<0, 2> >::gfp_'
 1183 | inline _LIBCPP_HIDE_FROM_ABI bool operator!=(const shared_ptr<_Tp>& __x, nullptr_t) _NOEXCEPT {
      |                                   ^
/Library/Developer/CommandLineTools/SDKs/MacOSX.sdk/usr/include/c++/v1/__memory/shared_ptr.h:1188:35: note: candidate template ignored: could not match 'shared_ptr<_Tp>' against 'int128'
 1188 | inline _LIBCPP_HIDE_FROM_ABI bool operator!=(nullptr_t, const shared_ptr<_Tp>& __x) _NOEXCEPT {
      |                                   ^
/Library/Developer/CommandLineTools/SDKs/MacOSX.sdk/usr/include/c++/v1/__ios/fpos.h:70:35: note: candidate template ignored: could not match 'fpos' against 'MaliciousShamirShare<gfp_<0, 2> >::gfp_'
   70 | inline _LIBCPP_HIDE_FROM_ABI bool operator!=(const fpos<_StateT>& __x, const fpos<_StateT>& __y) {
      |                                   ^
/Library/Developer/CommandLineTools/SDKs/MacOSX.sdk/usr/include/c++/v1/string:3888:35: note: candidate template ignored: could not match 'basic_string' against 'MaliciousShamirShare<gfp_<0, 2> >::gfp_'
 3888 | inline _LIBCPP_HIDE_FROM_ABI bool operator!=(const basic_string<_CharT, _Traits, _Allocator>& __lhs,
      |                                   ^
/Library/Developer/CommandLineTools/SDKs/MacOSX.sdk/usr/include/c++/v1/string:3895:1: note: candidate template ignored: could not match 'const _CharT *' against 'typename MaliciousShamirShare<gfp_<0, 2>>::clear' (aka 'gfp_<0, 2>')
 3895 | operator!=(const _CharT* __lhs, const basic_string<_CharT, _Traits, _Allocator>& __rhs) _NOEXCEPT {
      | ^
/Library/Developer/CommandLineTools/SDKs/MacOSX.sdk/usr/include/c++/v1/string:3901:1: note: candidate template ignored: could not match 'basic_string' against 'MaliciousShamirShare<gfp_<0, 2> >::gfp_'
 3901 | operator!=(const basic_string<_CharT, _Traits, _Allocator>& __lhs, const _CharT* __rhs) _NOEXCEPT {
      | ^
/Library/Developer/CommandLineTools/SDKs/MacOSX.sdk/usr/include/c++/v1/array:396:35: note: candidate template ignored: could not match 'array' against 'MaliciousShamirShare<gfp_<0, 2> >::gfp_'
  396 | inline _LIBCPP_HIDE_FROM_ABI bool operator!=(const array<_Tp, _Size>& __x, const array<_Tp, _Size>& __y) {
      |                                   ^
/Library/Developer/CommandLineTools/SDKs/MacOSX.sdk/usr/include/c++/v1/vector:2915:35: note: candidate template ignored: could not match 'vector' against 'MaliciousShamirShare<gfp_<0, 2> >::gfp_'
 2915 | inline _LIBCPP_HIDE_FROM_ABI bool operator!=(const vector<_Tp, _Allocator>& __x, const vector<_Tp, _Allocator>& __y) {
      |                                   ^
/Library/Developer/CommandLineTools/SDKs/MacOSX.sdk/usr/include/c++/v1/list:1659:35: note: candidate template ignored: could not match 'list' against 'MaliciousShamirShare<gfp_<0, 2> >::gfp_'
 1659 | inline _LIBCPP_HIDE_FROM_ABI bool operator!=(const list<_Tp, _Alloc>& __x, const list<_Tp, _Alloc>& __y) {
      |                                   ^
/Library/Developer/CommandLineTools/SDKs/MacOSX.sdk/usr/include/c++/v1/__functional/function.h:1026:35: note: candidate template ignored: could not match 'function' against 'MaliciousShamirShare<gfp_<0, 2> >::gfp_'
 1026 | inline _LIBCPP_HIDE_FROM_ABI bool operator!=(const function<_Rp(_ArgTypes...)>& __f, nullptr_t) _NOEXCEPT {
      |                                   ^
/Library/Developer/CommandLineTools/SDKs/MacOSX.sdk/usr/include/c++/v1/__functional/function.h:1031:35: note: candidate template ignored: could not match 'function<_Rp (_ArgTypes...)>' against 'int128'
 1031 | inline _LIBCPP_HIDE_FROM_ABI bool operator!=(nullptr_t, const function<_Rp(_ArgTypes...)>& __f) _NOEXCEPT {
      |                                   ^
/Library/Developer/CommandLineTools/SDKs/MacOSX.sdk/usr/include/c++/v1/unordered_map:1819:35: note: candidate template ignored: could not match 'unordered_map' against 'MaliciousShamirShare<gfp_<0, 2> >::gfp_'
 1819 | inline _LIBCPP_HIDE_FROM_ABI bool operator!=(const unordered_map<_Key, _Tp, _Hash, _Pred, _Alloc>& __x,
      |                                   ^
/Library/Developer/CommandLineTools/SDKs/MacOSX.sdk/usr/include/c++/v1/unordered_map:2509:35: note: candidate template ignored: could not match 'unordered_multimap' against 'MaliciousShamirShare<gfp_<0, 2> >::gfp_'
 2509 | inline _LIBCPP_HIDE_FROM_ABI bool operator!=(const unordered_multimap<_Key, _Tp, _Hash, _Pred, _Alloc>& __x,
      |                                   ^
/Library/Developer/CommandLineTools/SDKs/MacOSX.sdk/usr/include/c++/v1/map:1593:1: note: candidate template ignored: could not match 'map' against 'MaliciousShamirShare<gfp_<0, 2> >::gfp_'
 1593 | operator!=(const map<_Key, _Tp, _Compare, _Allocator>& __x, const map<_Key, _Tp, _Compare, _Allocator>& __y) {
      | ^
/Library/Developer/CommandLineTools/SDKs/MacOSX.sdk/usr/include/c++/v1/map:2106:1: note: candidate template ignored: could not match 'multimap' against 'MaliciousShamirShare<gfp_<0, 2> >::gfp_'
 2106 | operator!=(const multimap<_Key, _Tp, _Compare, _Allocator>& __x, const multimap<_Key, _Tp, _Compare, _Allocator>& __y) {
      | ^
/Library/Developer/CommandLineTools/SDKs/MacOSX.sdk/usr/include/c++/v1/deque:2530:35: note: candidate template ignored: could not match 'deque' against 'MaliciousShamirShare<gfp_<0, 2> >::gfp_'
 2530 | inline _LIBCPP_HIDE_FROM_ABI bool operator!=(const deque<_Tp, _Allocator>& __x, const deque<_Tp, _Allocator>& __y) {
      |                                   ^
/Library/Developer/CommandLineTools/SDKs/MacOSX.sdk/usr/include/c++/v1/queue:473:35: note: candidate template ignored: could not match 'queue' against 'MaliciousShamirShare<gfp_<0, 2> >::gfp_'
  473 | inline _LIBCPP_HIDE_FROM_ABI bool operator!=(const queue<_Tp, _Container>& __x, const queue<_Tp, _Container>& __y) {
      |                                   ^
/Library/Developer/CommandLineTools/SDKs/MacOSX.sdk/usr/include/c++/v1/stack:329:35: note: candidate template ignored: could not match 'stack' against 'MaliciousShamirShare<gfp_<0, 2> >::gfp_'
  329 | inline _LIBCPP_HIDE_FROM_ABI bool operator!=(const stack<_Tp, _Container>& __x, const stack<_Tp, _Container>& __y) {
      |                                   ^
/Library/Developer/CommandLineTools/SDKs/MacOSX.sdk/usr/include/c++/v1/set:969:1: note: candidate template ignored: could not match 'set' against 'MaliciousShamirShare<gfp_<0, 2> >::gfp_'
  969 | operator!=(const set<_Key, _Compare, _Allocator>& __x, const set<_Key, _Compare, _Allocator>& __y) {
      | ^
/Library/Developer/CommandLineTools/SDKs/MacOSX.sdk/usr/include/c++/v1/set:1428:1: note: candidate template ignored: could not match 'multiset' against 'MaliciousShamirShare<gfp_<0, 2> >::gfp_'
 1428 | operator!=(const multiset<_Key, _Compare, _Allocator>& __x, const multiset<_Key, _Compare, _Allocator>& __y) {
      | ^
/opt/homebrew/include/gmpxx.h:3340:41: note: candidate template ignored: could not match '__gmp_expr' against 'MaliciousShamirShare<gfp_<0, 2> >::gfp_'
 3340 | __GMP_DEFINE_BINARY_TYPE_FUNCTION(bool, operator!=, ! __gmp_binary_equal)
      |                                         ^
/opt/homebrew/include/gmpxx.h:3340:41: note: candidate template ignored: could not match '__gmp_expr' against 'MaliciousShamirShare<gfp_<0, 2> >::gfp_'
/opt/homebrew/include/gmpxx.h:3340:41: note: candidate template ignored: could not match '__gmp_expr<T, U>' against 'int128'
/opt/homebrew/include/gmpxx.h:3340:41: note: candidate template ignored: could not match '__gmp_expr' against 'MaliciousShamirShare<gfp_<0, 2> >::gfp_'
/opt/homebrew/include/gmpxx.h:3340:41: note: candidate template ignored: could not match '__gmp_expr<T, U>' against 'int128'
/opt/homebrew/include/gmpxx.h:3340:41: note: candidate template ignored: could not match '__gmp_expr' against 'MaliciousShamirShare<gfp_<0, 2> >::gfp_'
/opt/homebrew/include/gmpxx.h:3340:41: note: candidate template ignored: could not match '__gmp_expr<T, U>' against 'int128'
/opt/homebrew/include/gmpxx.h:3340:41: note: candidate template ignored: could not match '__gmp_expr' against 'MaliciousShamirShare<gfp_<0, 2> >::gfp_'
/opt/homebrew/include/gmpxx.h:3340:41: note: candidate template ignored: could not match '__gmp_expr<T, U>' against 'int128'
/opt/homebrew/include/gmpxx.h:3340:41: note: candidate template ignored: could not match '__gmp_expr' against 'MaliciousShamirShare<gfp_<0, 2> >::gfp_'
/opt/homebrew/include/gmpxx.h:3340:41: note: candidate template ignored: could not match '__gmp_expr<T, U>' against 'int128'
/opt/homebrew/include/gmpxx.h:3340:41: note: candidate template ignored: could not match '__gmp_expr' against 'MaliciousShamirShare<gfp_<0, 2> >::gfp_'
/opt/homebrew/include/gmpxx.h:3340:41: note: candidate template ignored: could not match '__gmp_expr<T, U>' against 'int128'
/opt/homebrew/include/gmpxx.h:3340:41: note: candidate template ignored: could not match '__gmp_expr' against 'MaliciousShamirShare<gfp_<0, 2> >::gfp_'
/opt/homebrew/include/gmpxx.h:3340:41: note: candidate template ignored: could not match '__gmp_expr<T, U>' against 'int128'
/opt/homebrew/include/gmpxx.h:3340:41: note: candidate template ignored: could not match '__gmp_expr' against 'MaliciousShamirShare<gfp_<0, 2> >::gfp_'
/opt/homebrew/include/gmpxx.h:3340:41: note: candidate template ignored: could not match '__gmp_expr<T, U>' against 'int128'
/opt/homebrew/include/gmpxx.h:3340:41: note: candidate template ignored: could not match '__gmp_expr' against 'MaliciousShamirShare<gfp_<0, 2> >::gfp_'
/opt/homebrew/include/gmpxx.h:3340:41: note: candidate template ignored: could not match '__gmp_expr<T, U>' against 'int128'
/opt/homebrew/include/gmpxx.h:3340:41: note: candidate template ignored: could not match '__gmp_expr' against 'MaliciousShamirShare<gfp_<0, 2> >::gfp_'
/opt/homebrew/include/gmpxx.h:3340:41: note: candidate template ignored: could not match '__gmp_expr<T, U>' against 'int128'
/Library/Developer/CommandLineTools/SDKs/MacOSX.sdk/usr/include/c++/v1/forward_list:1489:1: note: candidate template ignored: could not match 'forward_list' against 'MaliciousShamirShare<gfp_<0, 2> >::gfp_'
 1489 | operator!=(const forward_list<_Tp, _Alloc>& __x, const forward_list<_Tp, _Alloc>& __y) {
      | ^
./Math/gfp.h:186:8: note: candidate function not viable: no known conversion from 'int128' to 'const gfp_<0, 2>' for 1st argument
  186 |   bool operator!=(const gfp_& y) const { return !equal(y); }
      |        ^          ~~~~~~~~~~~~~
In file included from Machines/malicious-shamir-party.cpp:8:
In file included from ./Machines/MalRep.hpp:13:
In file included from ./Machines/Rep.hpp:20:
In file included from ./GC/RepPrep.hpp:14:
./Protocols/ReplicatedPrep.hpp:971:17: error: no viable conversion from 'int128' to 'int'
  971 |             int masked = (*oit++).get();
      |                 ^        ~~~~~~~~~~~~~~
./Processor/Online-Thread.hpp:201:19: note: in instantiation of function template specialization 'RingPrep<MaliciousShamirShare<gfp_<0, 3>>>::sanitize<0>' requested here
  201 |                   sanitize<0>(
      |                   ^
./Processor/Online-Thread.hpp:357:8: note: in instantiation of member function 'thread_info<MaliciousShamirShare<gfp_<0, 3>>, MaliciousShamirShare<gf2n_long>>::Sub_Main_Func' requested here
  357 |     ti.Sub_Main_Func();
      |        ^
./Processor/Machine.hpp:185:65: note: in instantiation of member function 'thread_info<MaliciousShamirShare<gfp_<0, 3>>, MaliciousShamirShare<gf2n_long>>::Main_Func' requested here
  185 |       pthread_create(&threads[i],NULL,thread_info<sint, sgf2n>::Main_Func,&tinfo[i]);
      |                                                                 ^
./Processor/Machine.hpp:431:3: note: in instantiation of member function 'Machine<MaliciousShamirShare<gfp_<0, 3>>, MaliciousShamirShare<gf2n_long>>::prepare' requested here
  431 |   prepare(progname);
      |   ^
./Processor/OnlineMachine.hpp:193:70: note: in instantiation of member function 'Machine<MaliciousShamirShare<gfp_<0, 3>>, MaliciousShamirShare<gf2n_long>>::run' requested here
  193 |         Machine<T, U>(playerNames, use_encryption, online_opts, lg2).run(
      |                                                                      ^
./Processor/FieldMachine.hpp:47:15: note: in instantiation of function template specialization 'OnlineMachine::run<MaliciousShamirShare<gfp_<0, 3>>, MaliciousShamirShare<gf2n_long>>' requested here
   47 |     X(1) X(2) X(3) X(4)
      |               ^
./Processor/FieldMachine.hpp:44:26: note: expanded from macro 'X'
   44 |         machine.template run<T<gfp_<0, L>>, V<X>>(); \
      |                          ^
./Processor/FieldMachine.hpp:29:5: note: in instantiation of member function 'FieldMachine<MaliciousShamirShare, MaliciousShamirShare, HonestMajorityMachine>::FieldMachine' requested here
   29 |     FieldMachine<T, T, V>(argc, argv, opt, online_opts,
      |     ^
Machines/ShamirMachine.hpp:100:5: note: in instantiation of member function 'HonestMajorityFieldMachine<MaliciousShamirShare>::HonestMajorityFieldMachine' requested here
  100 |     HonestMajorityFieldMachine<T>(argc, argv, opt, opts.nparties);
      |     ^
Machines/malicious-shamir-party.cpp:14:5: note: in instantiation of member function 'ShamirMachineSpec<MaliciousShamirShare>::ShamirMachineSpec' requested here
   14 |     ShamirMachineSpec<MaliciousShamirShare>(argc, argv);
      |     ^
In file included from Machines/malicious-shamir-party.cpp:8:
In file included from ./Machines/MalRep.hpp:13:
In file included from ./Machines/Rep.hpp:15:
In file included from ./Protocols/Spdz2kPrep.hpp:12:
./Protocols/DabitSacrifice.hpp:80:15: error: invalid operands to binary expression ('typename MaliciousShamirShare<gfp_<0, 3>>::clear' (aka 'gfp_<0, 3>') and 'int128')
   80 |         if (a != b.get())
      |             ~ ^  ~~~~~~~
./Protocols/DabitSacrifice.hpp:101:5: note: in instantiation of member function 'DabitSacrifice<MaliciousShamirShare<gfp_<0, 3>>>::sacrifice_without_bit_check' requested here
  101 |     sacrifice_without_bit_check(to_check, check_dabits, proc, queues);
      |     ^
./Protocols/MaliciousRingPrep.hpp:38:21: note: in instantiation of member function 'DabitSacrifice<MaliciousShamirShare<gfp_<0, 3>>>::sacrifice_and_check_bits' requested here
   38 |     dabit_sacrifice.sacrifice_and_check_bits(this->dabits, check_dabits,
      |                     ^
./Protocols/MaliciousRingPrep.hpp:47:9: note: in instantiation of function template specialization 'MaliciousDabitOnlyPrep<MaliciousShamirShare<gfp_<0, 3>>>::buffer_dabits<0>' requested here
   47 |         buffer_dabits<0>(queues, false_type(), false_type());
      |         ^
./Protocols/MaliciousRingPrep.hpp:18:5: note: in instantiation of function template specialization 'MaliciousDabitOnlyPrep<MaliciousShamirShare<gfp_<0, 3>>>::buffer_dabits<0>' requested here
   18 |     buffer_dabits<0>(queues, T::clear::characteristic_two,
      |     ^
./Protocols/MaliciousRepPrep.hpp:44:30: note: in instantiation of member function 'MaliciousDabitOnlyPrep<MaliciousShamirShare<gfp_<0, 3>>>::buffer_dabits' requested here
   44 | MaliciousRepPrepWithBits<T>::MaliciousRepPrepWithBits(SubProcessor<T>* proc,
      |                              ^
./Processor/Data_Files.hpp:16:14: note: (skipping 4 contexts in backtrace; use -ftemplate-backtrace-limit=0 to see all)
   16 |   return new typename T::LivePrep(proc, usage);
      |              ^
./Processor/OnlineMachine.hpp:193:70: note: in instantiation of member function 'Machine<MaliciousShamirShare<gfp_<0, 3>>, MaliciousShamirShare<gf2n_long>>::run' requested here
  193 |         Machine<T, U>(playerNames, use_encryption, online_opts, lg2).run(
      |                                                                      ^
./Processor/FieldMachine.hpp:47:15: note: in instantiation of function template specialization 'OnlineMachine::run<MaliciousShamirShare<gfp_<0, 3>>, MaliciousShamirShare<gf2n_long>>' requested here
   47 |     X(1) X(2) X(3) X(4)
      |               ^
./Processor/FieldMachine.hpp:44:26: note: expanded from macro 'X'
   44 |         machine.template run<T<gfp_<0, L>>, V<X>>(); \
      |                          ^
./Processor/FieldMachine.hpp:29:5: note: in instantiation of member function 'FieldMachine<MaliciousShamirShare, MaliciousShamirShare, HonestMajorityMachine>::FieldMachine' requested here
   29 |     FieldMachine<T, T, V>(argc, argv, opt, online_opts,
      |     ^
Machines/ShamirMachine.hpp:100:5: note: in instantiation of member function 'HonestMajorityFieldMachine<MaliciousShamirShare>::HonestMajorityFieldMachine' requested here
  100 |     HonestMajorityFieldMachine<T>(argc, argv, opt, opts.nparties);
      |     ^
Machines/malicious-shamir-party.cpp:14:5: note: in instantiation of member function 'ShamirMachineSpec<MaliciousShamirShare>::ShamirMachineSpec' requested here
   14 |     ShamirMachineSpec<MaliciousShamirShare>(argc, argv);
      |     ^
/Library/Developer/CommandLineTools/SDKs/MacOSX.sdk/usr/include/c++/v1/__variant/monostate.h:38:45: note: candidate function not viable: no known conversion from 'typename MaliciousShamirShare<gfp_<0, 3>>::clear' (aka 'gfp_<0, 3>') to 'monostate' for 1st argument
   38 | _LIBCPP_HIDE_FROM_ABI inline constexpr bool operator!=(monostate, monostate) noexcept { return false; }
      |                                             ^          ~~~~~~~~~
/Library/Developer/CommandLineTools/SDKs/MacOSX.sdk/usr/include/c++/v1/__system_error/error_condition.h:102:35: note: candidate function not viable: no known conversion from 'typename MaliciousShamirShare<gfp_<0, 3>>::clear' (aka 'gfp_<0, 3>') to 'const error_condition' for 1st argument
  102 | inline _LIBCPP_HIDE_FROM_ABI bool operator!=(const error_condition& __x, const error_condition& __y) _NOEXCEPT {
      |                                   ^          ~~~~~~~~~~~~~~~~~~~~~~~~~~
/Library/Developer/CommandLineTools/SDKs/MacOSX.sdk/usr/include/c++/v1/__system_error/error_code.h:108:35: note: candidate function not viable: no known conversion from 'typename MaliciousShamirShare<gfp_<0, 3>>::clear' (aka 'gfp_<0, 3>') to 'const error_code' for 1st argument
  108 | inline _LIBCPP_HIDE_FROM_ABI bool operator!=(const error_code& __x, const error_code& __y) _NOEXCEPT {
      |                                   ^          ~~~~~~~~~~~~~~~~~~~~~
/Library/Developer/CommandLineTools/SDKs/MacOSX.sdk/usr/include/c++/v1/__system_error/error_code.h:112:35: note: candidate function not viable: no known conversion from 'typename MaliciousShamirShare<gfp_<0, 3>>::clear' (aka 'gfp_<0, 3>') to 'const error_code' for 1st argument
  112 | inline _LIBCPP_HIDE_FROM_ABI bool operator!=(const error_code& __x, const error_condition& __y) _NOEXCEPT {
      |                                   ^          ~~~~~~~~~~~~~~~~~~~~~
/Library/Developer/CommandLineTools/SDKs/MacOSX.sdk/usr/include/c++/v1/__system_error/error_code.h:116:35: note: candidate function not viable: no known conversion from 'typename MaliciousShamirShare<gfp_<0, 3>>::clear' (aka 'gfp_<0, 3>') to 'const error_condition' for 1st argument
  116 | inline _LIBCPP_HIDE_FROM_ABI bool operator!=(const error_condition& __x, const error_code& __y) _NOEXCEPT {
      |                                   ^          ~~~~~~~~~~~~~~~~~~~~~~~~~~
/Library/Developer/CommandLineTools/SDKs/MacOSX.sdk/usr/include/c++/v1/__thread/id.h:89:35: note: candidate function not viable: no known conversion from 'typename MaliciousShamirShare<gfp_<0, 3>>::clear' (aka 'gfp_<0, 3>') to '__thread_id' for 1st argument
   89 | inline _LIBCPP_HIDE_FROM_ABI bool operator!=(__thread_id __x, __thread_id __y) _NOEXCEPT { return !(__x == __y); }
      |                                   ^          ~~~~~~~~~~~~~~~
/Library/Developer/CommandLineTools/SDKs/MacOSX.sdk/usr/include/c++/v1/__utility/pair.h:512:1: note: candidate template ignored: could not match 'pair' against 'gfp_'
  512 | operator!=(const pair<_T1, _T2>& __x, const pair<_U1, _U2>& __y) {
      | ^
/Library/Developer/CommandLineTools/SDKs/MacOSX.sdk/usr/include/c++/v1/__iterator/reverse_iterator.h:230:1: note: candidate template ignored: could not match 'reverse_iterator' against 'gfp_'
  230 | operator!=(const reverse_iterator<_Iter1>& __x, const reverse_iterator<_Iter2>& __y)
      | ^
/Library/Developer/CommandLineTools/SDKs/MacOSX.sdk/usr/include/c++/v1/__iterator/wrap_iter.h:140:1: note: candidate template ignored: could not match '__wrap_iter' against 'gfp_'
  140 | operator!=(const __wrap_iter<_Iter1>& __x, const __wrap_iter<_Iter1>& __y) _NOEXCEPT {
      | ^
/Library/Developer/CommandLineTools/SDKs/MacOSX.sdk/usr/include/c++/v1/__iterator/wrap_iter.h:146:1: note: candidate template ignored: could not match '__wrap_iter' against 'gfp_'
  146 | operator!=(const __wrap_iter<_Iter1>& __x, const __wrap_iter<_Iter2>& __y) _NOEXCEPT {
      | ^
/Library/Developer/CommandLineTools/SDKs/MacOSX.sdk/usr/include/c++/v1/string_view:762:1: note: candidate template ignored: could not match 'basic_string_view' against 'gfp_'
  762 | operator!=(basic_string_view<_CharT, _Traits> __lhs, basic_string_view<_CharT, _Traits> __rhs) _NOEXCEPT {
      | ^
/Library/Developer/CommandLineTools/SDKs/MacOSX.sdk/usr/include/c++/v1/string_view:770:1: note: candidate template ignored: could not match 'basic_string_view' against 'gfp_'
  770 | operator!=(basic_string_view<_CharT, _Traits> __lhs,
      | ^
/Library/Developer/CommandLineTools/SDKs/MacOSX.sdk/usr/include/c++/v1/string_view:779:1: note: candidate template ignored: could not match 'basic_string_view<_CharT, _Traits>' against 'int128'
  779 | operator!=(__type_identity_t<basic_string_view<_CharT, _Traits> > __lhs,
      | ^
/Library/Developer/CommandLineTools/SDKs/MacOSX.sdk/usr/include/c++/v1/optional:999:1: note: candidate template ignored: could not match 'optional' against 'gfp_'
  999 | operator!=(const optional<_Tp>& __x, const optional<_Up>& __y) {
      | ^
/Library/Developer/CommandLineTools/SDKs/MacOSX.sdk/usr/include/c++/v1/optional:1081:38: note: candidate template ignored: could not match 'optional' against 'gfp_'
 1081 | _LIBCPP_HIDE_FROM_ABI constexpr bool operator!=(const optional<_Tp>& __x, nullopt_t) noexcept {
      |                                      ^
/Library/Developer/CommandLineTools/SDKs/MacOSX.sdk/usr/include/c++/v1/optional:1086:38: note: candidate template ignored: could not match 'optional<_Tp>' against 'int128'
 1086 | _LIBCPP_HIDE_FROM_ABI constexpr bool operator!=(nullopt_t, const optional<_Tp>& __x) noexcept {
      |                                      ^
/Library/Developer/CommandLineTools/SDKs/MacOSX.sdk/usr/include/c++/v1/optional:1160:1: note: candidate template ignored: could not match 'optional' against 'gfp_'
 1160 | operator!=(const optional<_Tp>& __x, const _Up& __v) {
      | ^
/Library/Developer/CommandLineTools/SDKs/MacOSX.sdk/usr/include/c++/v1/optional:1168:1: note: candidate template ignored: could not match 'optional<_Up>' against 'int128'
 1168 | operator!=(const _Tp& __v, const optional<_Up>& __x) {
      | ^
/Library/Developer/CommandLineTools/SDKs/MacOSX.sdk/usr/include/c++/v1/__iterator/istream_iterator.h:93:35: note: candidate template ignored: could not match 'istream_iterator' against 'gfp_'
   93 | inline _LIBCPP_HIDE_FROM_ABI bool operator!=(const istream_iterator<_Tp, _CharT, _Traits, _Distance>& __x,
      |                                   ^
/Library/Developer/CommandLineTools/SDKs/MacOSX.sdk/usr/include/c++/v1/__iterator/istreambuf_iterator.h:102:1: note: candidate template ignored: could not match 'istreambuf_iterator' against 'gfp_'
  102 | operator!=(const istreambuf_iterator<_CharT, _Traits>& __a, const istreambuf_iterator<_CharT, _Traits>& __b) {
      | ^
/Library/Developer/CommandLineTools/SDKs/MacOSX.sdk/usr/include/c++/v1/__iterator/move_iterator.h:262:1: note: candidate template ignored: could not match 'move_iterator' against 'gfp_'
  262 | operator!=(const move_iterator<_Iter1>& __x, const move_iterator<_Iter2>& __y) {
      | ^
/Library/Developer/CommandLineTools/SDKs/MacOSX.sdk/usr/include/c++/v1/variant:1500:38: note: candidate template ignored: could not match 'variant' against 'gfp_'
 1500 | _LIBCPP_HIDE_FROM_ABI constexpr bool operator!=(const variant<_Types...>& __lhs, const variant<_Types...>& __rhs) {
      |                                      ^
/Library/Developer/CommandLineTools/SDKs/MacOSX.sdk/usr/include/c++/v1/tuple:1179:1: note: candidate template ignored: could not match 'tuple' against 'gfp_'
 1179 | operator!=(const tuple<_Tp...>& __x, const tuple<_Up...>& __y) {
      | ^
/Library/Developer/CommandLineTools/SDKs/MacOSX.sdk/usr/include/c++/v1/__memory/allocator.h:260:35: note: candidate template ignored: could not match 'allocator' against 'gfp_'
  260 | inline _LIBCPP_HIDE_FROM_ABI bool operator!=(const allocator<_Tp>&, const allocator<_Up>&) _NOEXCEPT {
      |                                   ^
/Library/Developer/CommandLineTools/SDKs/MacOSX.sdk/usr/include/c++/v1/__memory/unique_ptr.h:503:35: note: candidate template ignored: could not match 'unique_ptr' against 'gfp_'
  503 | inline _LIBCPP_HIDE_FROM_ABI bool operator!=(const unique_ptr<_T1, _D1>& __x, const unique_ptr<_T2, _D2>& __y) {
      |                                   ^
/Library/Developer/CommandLineTools/SDKs/MacOSX.sdk/usr/include/c++/v1/__memory/unique_ptr.h:554:35: note: candidate template ignored: could not match 'unique_ptr' against 'gfp_'
  554 | inline _LIBCPP_HIDE_FROM_ABI bool operator!=(const unique_ptr<_T1, _D1>& __x, nullptr_t) _NOEXCEPT {
      |                                   ^
/Library/Developer/CommandLineTools/SDKs/MacOSX.sdk/usr/include/c++/v1/__memory/unique_ptr.h:559:35: note: candidate template ignored: could not match 'unique_ptr<_T1, _D1>' against 'int128'
  559 | inline _LIBCPP_HIDE_FROM_ABI bool operator!=(nullptr_t, const unique_ptr<_T1, _D1>& __x) _NOEXCEPT {
      |                                   ^
/Library/Developer/CommandLineTools/SDKs/MacOSX.sdk/usr/include/c++/v1/__memory/shared_ptr.h:1132:35: note: candidate template ignored: could not match 'shared_ptr' against 'gfp_'
 1132 | inline _LIBCPP_HIDE_FROM_ABI bool operator!=(const shared_ptr<_Tp>& __x, const shared_ptr<_Up>& __y) _NOEXCEPT {
      |                                   ^
/Library/Developer/CommandLineTools/SDKs/MacOSX.sdk/usr/include/c++/v1/__memory/shared_ptr.h:1183:35: note: candidate template ignored: could not match 'shared_ptr' against 'gfp_'
 1183 | inline _LIBCPP_HIDE_FROM_ABI bool operator!=(const shared_ptr<_Tp>& __x, nullptr_t) _NOEXCEPT {
      |                                   ^
/Library/Developer/CommandLineTools/SDKs/MacOSX.sdk/usr/include/c++/v1/__memory/shared_ptr.h:1188:35: note: candidate template ignored: could not match 'shared_ptr<_Tp>' against 'int128'
 1188 | inline _LIBCPP_HIDE_FROM_ABI bool operator!=(nullptr_t, const shared_ptr<_Tp>& __x) _NOEXCEPT {
      |                                   ^
/Library/Developer/CommandLineTools/SDKs/MacOSX.sdk/usr/include/c++/v1/__ios/fpos.h:70:35: note: candidate template ignored: could not match 'fpos' against 'gfp_'
   70 | inline _LIBCPP_HIDE_FROM_ABI bool operator!=(const fpos<_StateT>& __x, const fpos<_StateT>& __y) {
      |                                   ^
/Library/Developer/CommandLineTools/SDKs/MacOSX.sdk/usr/include/c++/v1/string:3888:35: note: candidate template ignored: could not match 'basic_string' against 'gfp_'
 3888 | inline _LIBCPP_HIDE_FROM_ABI bool operator!=(const basic_string<_CharT, _Traits, _Allocator>& __lhs,
      |                                   ^
/Library/Developer/CommandLineTools/SDKs/MacOSX.sdk/usr/include/c++/v1/string:3895:1: note: candidate template ignored: could not match 'const _CharT *' against 'typename MaliciousShamirShare<gfp_<0, 3>>::clear' (aka 'gfp_<0, 3>')
 3895 | operator!=(const _CharT* __lhs, const basic_string<_CharT, _Traits, _Allocator>& __rhs) _NOEXCEPT {
      | ^
/Library/Developer/CommandLineTools/SDKs/MacOSX.sdk/usr/include/c++/v1/string:3901:1: note: candidate template ignored: could not match 'basic_string' against 'gfp_'
 3901 | operator!=(const basic_string<_CharT, _Traits, _Allocator>& __lhs, const _CharT* __rhs) _NOEXCEPT {
      | ^
/Library/Developer/CommandLineTools/SDKs/MacOSX.sdk/usr/include/c++/v1/array:396:35: note: candidate template ignored: could not match 'array' against 'gfp_'
  396 | inline _LIBCPP_HIDE_FROM_ABI bool operator!=(const array<_Tp, _Size>& __x, const array<_Tp, _Size>& __y) {
      |                                   ^
/Library/Developer/CommandLineTools/SDKs/MacOSX.sdk/usr/include/c++/v1/vector:2915:35: note: candidate template ignored: could not match 'vector' against 'gfp_'
 2915 | inline _LIBCPP_HIDE_FROM_ABI bool operator!=(const vector<_Tp, _Allocator>& __x, const vector<_Tp, _Allocator>& __y) {
      |                                   ^
/Library/Developer/CommandLineTools/SDKs/MacOSX.sdk/usr/include/c++/v1/list:1659:35: note: candidate template ignored: could not match 'list' against 'gfp_'
 1659 | inline _LIBCPP_HIDE_FROM_ABI bool operator!=(const list<_Tp, _Alloc>& __x, const list<_Tp, _Alloc>& __y) {
      |                                   ^
/Library/Developer/CommandLineTools/SDKs/MacOSX.sdk/usr/include/c++/v1/__functional/function.h:1026:35: note: candidate template ignored: could not match 'function' against 'gfp_'
 1026 | inline _LIBCPP_HIDE_FROM_ABI bool operator!=(const function<_Rp(_ArgTypes...)>& __f, nullptr_t) _NOEXCEPT {
      |                                   ^
/Library/Developer/CommandLineTools/SDKs/MacOSX.sdk/usr/include/c++/v1/__functional/function.h:1031:35: note: candidate template ignored: could not match 'function<_Rp (_ArgTypes...)>' against 'int128'
 1031 | inline _LIBCPP_HIDE_FROM_ABI bool operator!=(nullptr_t, const function<_Rp(_ArgTypes...)>& __f) _NOEXCEPT {
      |                                   ^
/Library/Developer/CommandLineTools/SDKs/MacOSX.sdk/usr/include/c++/v1/unordered_map:1819:35: note: candidate template ignored: could not match 'unordered_map' against 'gfp_'
 1819 | inline _LIBCPP_HIDE_FROM_ABI bool operator!=(const unordered_map<_Key, _Tp, _Hash, _Pred, _Alloc>& __x,
      |                                   ^
/Library/Developer/CommandLineTools/SDKs/MacOSX.sdk/usr/include/c++/v1/unordered_map:2509:35: note: candidate template ignored: could not match 'unordered_multimap' against 'gfp_'
 2509 | inline _LIBCPP_HIDE_FROM_ABI bool operator!=(const unordered_multimap<_Key, _Tp, _Hash, _Pred, _Alloc>& __x,
      |                                   ^
/Library/Developer/CommandLineTools/SDKs/MacOSX.sdk/usr/include/c++/v1/map:1593:1: note: candidate template ignored: could not match 'map' against 'gfp_'
 1593 | operator!=(const map<_Key, _Tp, _Compare, _Allocator>& __x, const map<_Key, _Tp, _Compare, _Allocator>& __y) {
      | ^
/Library/Developer/CommandLineTools/SDKs/MacOSX.sdk/usr/include/c++/v1/map:2106:1: note: candidate template ignored: could not match 'multimap' against 'gfp_'
 2106 | operator!=(const multimap<_Key, _Tp, _Compare, _Allocator>& __x, const multimap<_Key, _Tp, _Compare, _Allocator>& __y) {
      | ^
/Library/Developer/CommandLineTools/SDKs/MacOSX.sdk/usr/include/c++/v1/deque:2530:35: note: candidate template ignored: could not match 'deque' against 'gfp_'
 2530 | inline _LIBCPP_HIDE_FROM_ABI bool operator!=(const deque<_Tp, _Allocator>& __x, const deque<_Tp, _Allocator>& __y) {
      |                                   ^
/Library/Developer/CommandLineTools/SDKs/MacOSX.sdk/usr/include/c++/v1/queue:473:35: note: candidate template ignored: could not match 'queue' against 'gfp_'
  473 | inline _LIBCPP_HIDE_FROM_ABI bool operator!=(const queue<_Tp, _Container>& __x, const queue<_Tp, _Container>& __y) {
      |                                   ^
/Library/Developer/CommandLineTools/SDKs/MacOSX.sdk/usr/include/c++/v1/stack:329:35: note: candidate template ignored: could not match 'stack' against 'gfp_'
  329 | inline _LIBCPP_HIDE_FROM_ABI bool operator!=(const stack<_Tp, _Container>& __x, const stack<_Tp, _Container>& __y) {
      |                                   ^
/Library/Developer/CommandLineTools/SDKs/MacOSX.sdk/usr/include/c++/v1/set:969:1: note: candidate template ignored: could not match 'set' against 'gfp_'
  969 | operator!=(const set<_Key, _Compare, _Allocator>& __x, const set<_Key, _Compare, _Allocator>& __y) {
      | ^
/Library/Developer/CommandLineTools/SDKs/MacOSX.sdk/usr/include/c++/v1/set:1428:1: note: candidate template ignored: could not match 'multiset' against 'gfp_'
 1428 | operator!=(const multiset<_Key, _Compare, _Allocator>& __x, const multiset<_Key, _Compare, _Allocator>& __y) {
      | ^
/opt/homebrew/include/gmpxx.h:3340:41: note: candidate template ignored: could not match '__gmp_expr' against 'gfp_'
 3340 | __GMP_DEFINE_BINARY_TYPE_FUNCTION(bool, operator!=, ! __gmp_binary_equal)
      |                                         ^
/opt/homebrew/include/gmpxx.h:3340:41: note: candidate template ignored: could not match '__gmp_expr' against 'gfp_'
/opt/homebrew/include/gmpxx.h:3340:41: note: candidate template ignored: could not match '__gmp_expr<T, U>' against 'int128'
/opt/homebrew/include/gmpxx.h:3340:41: note: candidate template ignored: could not match '__gmp_expr' against 'gfp_'
/opt/homebrew/include/gmpxx.h:3340:41: note: candidate template ignored: could not match '__gmp_expr<T, U>' against 'int128'
/opt/homebrew/include/gmpxx.h:3340:41: note: candidate template ignored: could not match '__gmp_expr' against 'gfp_'
/opt/homebrew/include/gmpxx.h:3340:41: note: candidate template ignored: could not match '__gmp_expr<T, U>' against 'int128'
/opt/homebrew/include/gmpxx.h:3340:41: note: candidate template ignored: could not match '__gmp_expr' against 'gfp_'
/opt/homebrew/include/gmpxx.h:3340:41: note: candidate template ignored: could not match '__gmp_expr<T, U>' against 'int128'
/opt/homebrew/include/gmpxx.h:3340:41: note: candidate template ignored: could not match '__gmp_expr' against 'gfp_'
/opt/homebrew/include/gmpxx.h:3340:41: note: candidate template ignored: could not match '__gmp_expr<T, U>' against 'int128'
/opt/homebrew/include/gmpxx.h:3340:41: note: candidate template ignored: could not match '__gmp_expr' against 'gfp_'
/opt/homebrew/include/gmpxx.h:3340:41: note: candidate template ignored: could not match '__gmp_expr<T, U>' against 'int128'
/opt/homebrew/include/gmpxx.h:3340:41: note: candidate template ignored: could not match '__gmp_expr' against 'gfp_'
/opt/homebrew/include/gmpxx.h:3340:41: note: candidate template ignored: could not match '__gmp_expr<T, U>' against 'int128'
/opt/homebrew/include/gmpxx.h:3340:41: note: candidate template ignored: could not match '__gmp_expr' against 'gfp_'
/opt/homebrew/include/gmpxx.h:3340:41: note: candidate template ignored: could not match '__gmp_expr<T, U>' against 'int128'
/opt/homebrew/include/gmpxx.h:3340:41: note: candidate template ignored: could not match '__gmp_expr' against 'gfp_'
/opt/homebrew/include/gmpxx.h:3340:41: note: candidate template ignored: could not match '__gmp_expr<T, U>' against 'int128'
/opt/homebrew/include/gmpxx.h:3340:41: note: candidate template ignored: could not match '__gmp_expr' against 'gfp_'
/opt/homebrew/include/gmpxx.h:3340:41: note: candidate template ignored: could not match '__gmp_expr<T, U>' against 'int128'
/Library/Developer/CommandLineTools/SDKs/MacOSX.sdk/usr/include/c++/v1/forward_list:1489:1: note: candidate template ignored: could not match 'forward_list' against 'gfp_'
 1489 | operator!=(const forward_list<_Tp, _Alloc>& __x, const forward_list<_Tp, _Alloc>& __y) {
      | ^
./Math/gfp.h:186:8: note: candidate function not viable: no known conversion from 'int128' to 'const gfp_<0, 3>' for 1st argument
  186 |   bool operator!=(const gfp_& y) const { return !equal(y); }
      |        ^          ~~~~~~~~~~~~~
In file included from Machines/malicious-shamir-party.cpp:8:
In file included from ./Machines/MalRep.hpp:9:
In file included from ./Protocols/MalRepRingPrep.hpp:15:
./Protocols/ShuffleSacrifice.hpp:120:42: error: invalid operands to binary expression ('typename MaliciousShamirShare<gfp_<0, 3>>::clear' (aka 'gfp_<0, 3>') and 'int128')
  120 |         if (typename T::clear(opened[i]) != bits[i].get())
      |             ~~~~~~~~~~~~~~~~~~~~~~~~~~~~ ^  ~~~~~~~~~~~~~
./Protocols/MaliciousRingPrep.hpp:55:27: note: in instantiation of member function 'DabitShuffleSacrifice<MaliciousShamirShare<gfp_<0, 3>>>::dabit_sacrifice' requested here
   55 |         shuffle_sacrifice.dabit_sacrifice(this->dabits, check_dabits, *this->proc,
      |                           ^
./Protocols/MaliciousRingPrep.hpp:18:5: note: in instantiation of function template specialization 'MaliciousDabitOnlyPrep<MaliciousShamirShare<gfp_<0, 3>>>::buffer_dabits<0>' requested here
   18 |     buffer_dabits<0>(queues, T::clear::characteristic_two,
      |     ^
./Protocols/MaliciousRepPrep.hpp:44:30: note: in instantiation of member function 'MaliciousDabitOnlyPrep<MaliciousShamirShare<gfp_<0, 3>>>::buffer_dabits' requested here
   44 | MaliciousRepPrepWithBits<T>::MaliciousRepPrepWithBits(SubProcessor<T>* proc,
      |                              ^
./Processor/Data_Files.hpp:16:14: note: in instantiation of member function 'MaliciousRepPrepWithBits<MaliciousShamirShare<gfp_<0, 3>>>::MaliciousRepPrepWithBits' requested here
   16 |   return new typename T::LivePrep(proc, usage);
      |              ^
./Processor/Data_Files.hpp:26:12: note: in instantiation of member function 'Preprocessing<MaliciousShamirShare<gfp_<0, 3>>>::get_live_prep' requested here
   26 |     return get_live_prep(proc, usage);
      |            ^
./Processor/Data_Files.hpp:153:34: note: (skipping 2 contexts in backtrace; use -ftemplate-backtrace-limit=0 to see all)
  153 |     DataFp(*Preprocessing<sint>::get_new(machine, usage, procp)),
      |                                  ^
./Processor/OnlineMachine.hpp:193:70: note: in instantiation of member function 'Machine<MaliciousShamirShare<gfp_<0, 3>>, MaliciousShamirShare<gf2n_long>>::run' requested here
  193 |         Machine<T, U>(playerNames, use_encryption, online_opts, lg2).run(
      |                                                                      ^
./Processor/FieldMachine.hpp:47:15: note: in instantiation of function template specialization 'OnlineMachine::run<MaliciousShamirShare<gfp_<0, 3>>, MaliciousShamirShare<gf2n_long>>' requested here
   47 |     X(1) X(2) X(3) X(4)
      |               ^
./Processor/FieldMachine.hpp:44:26: note: expanded from macro 'X'
   44 |         machine.template run<T<gfp_<0, L>>, V<X>>(); \
      |                          ^
./Processor/FieldMachine.hpp:29:5: note: in instantiation of member function 'FieldMachine<MaliciousShamirShare, MaliciousShamirShare, HonestMajorityMachine>::FieldMachine' requested here
   29 |     FieldMachine<T, T, V>(argc, argv, opt, online_opts,
      |     ^
Machines/ShamirMachine.hpp:100:5: note: in instantiation of member function 'HonestMajorityFieldMachine<MaliciousShamirShare>::HonestMajorityFieldMachine' requested here
  100 |     HonestMajorityFieldMachine<T>(argc, argv, opt, opts.nparties);
      |     ^
Machines/malicious-shamir-party.cpp:14:5: note: in instantiation of member function 'ShamirMachineSpec<MaliciousShamirShare>::ShamirMachineSpec' requested here
   14 |     ShamirMachineSpec<MaliciousShamirShare>(argc, argv);
      |     ^
/Library/Developer/CommandLineTools/SDKs/MacOSX.sdk/usr/include/c++/v1/__variant/monostate.h:38:45: note: candidate function not viable: no known conversion from 'typename MaliciousShamirShare<gfp_<0, 3>>::clear' (aka 'gfp_<0, 3>') to 'monostate' for 1st argument
   38 | _LIBCPP_HIDE_FROM_ABI inline constexpr bool operator!=(monostate, monostate) noexcept { return false; }
      |                                             ^          ~~~~~~~~~
/Library/Developer/CommandLineTools/SDKs/MacOSX.sdk/usr/include/c++/v1/__system_error/error_condition.h:102:35: note: candidate function not viable: no known conversion from 'typename MaliciousShamirShare<gfp_<0, 3>>::clear' (aka 'gfp_<0, 3>') to 'const error_condition' for 1st argument
  102 | inline _LIBCPP_HIDE_FROM_ABI bool operator!=(const error_condition& __x, const error_condition& __y) _NOEXCEPT {
      |                                   ^          ~~~~~~~~~~~~~~~~~~~~~~~~~~
/Library/Developer/CommandLineTools/SDKs/MacOSX.sdk/usr/include/c++/v1/__system_error/error_code.h:108:35: note: candidate function not viable: no known conversion from 'typename MaliciousShamirShare<gfp_<0, 3>>::clear' (aka 'gfp_<0, 3>') to 'const error_code' for 1st argument
  108 | inline _LIBCPP_HIDE_FROM_ABI bool operator!=(const error_code& __x, const error_code& __y) _NOEXCEPT {
      |                                   ^          ~~~~~~~~~~~~~~~~~~~~~
/Library/Developer/CommandLineTools/SDKs/MacOSX.sdk/usr/include/c++/v1/__system_error/error_code.h:112:35: note: candidate function not viable: no known conversion from 'typename MaliciousShamirShare<gfp_<0, 3>>::clear' (aka 'gfp_<0, 3>') to 'const error_code' for 1st argument
  112 | inline _LIBCPP_HIDE_FROM_ABI bool operator!=(const error_code& __x, const error_condition& __y) _NOEXCEPT {
      |                                   ^          ~~~~~~~~~~~~~~~~~~~~~
/Library/Developer/CommandLineTools/SDKs/MacOSX.sdk/usr/include/c++/v1/__system_error/error_code.h:116:35: note: candidate function not viable: no known conversion from 'typename MaliciousShamirShare<gfp_<0, 3>>::clear' (aka 'gfp_<0, 3>') to 'const error_condition' for 1st argument
  116 | inline _LIBCPP_HIDE_FROM_ABI bool operator!=(const error_condition& __x, const error_code& __y) _NOEXCEPT {
      |                                   ^          ~~~~~~~~~~~~~~~~~~~~~~~~~~
/Library/Developer/CommandLineTools/SDKs/MacOSX.sdk/usr/include/c++/v1/__thread/id.h:89:35: note: candidate function not viable: no known conversion from 'typename MaliciousShamirShare<gfp_<0, 3>>::clear' (aka 'gfp_<0, 3>') to '__thread_id' for 1st argument
   89 | inline _LIBCPP_HIDE_FROM_ABI bool operator!=(__thread_id __x, __thread_id __y) _NOEXCEPT { return !(__x == __y); }
      |                                   ^          ~~~~~~~~~~~~~~~
/Library/Developer/CommandLineTools/SDKs/MacOSX.sdk/usr/include/c++/v1/__utility/pair.h:512:1: note: candidate template ignored: could not match 'pair' against 'MaliciousShamirShare<gfp_<0, 3> >::gfp_'
  512 | operator!=(const pair<_T1, _T2>& __x, const pair<_U1, _U2>& __y) {
      | ^
/Library/Developer/CommandLineTools/SDKs/MacOSX.sdk/usr/include/c++/v1/__iterator/reverse_iterator.h:230:1: note: candidate template ignored: could not match 'reverse_iterator' against 'MaliciousShamirShare<gfp_<0, 3> >::gfp_'
  230 | operator!=(const reverse_iterator<_Iter1>& __x, const reverse_iterator<_Iter2>& __y)
      | ^
/Library/Developer/CommandLineTools/SDKs/MacOSX.sdk/usr/include/c++/v1/__iterator/wrap_iter.h:140:1: note: candidate template ignored: could not match '__wrap_iter' against 'MaliciousShamirShare<gfp_<0, 3> >::gfp_'
  140 | operator!=(const __wrap_iter<_Iter1>& __x, const __wrap_iter<_Iter1>& __y) _NOEXCEPT {
      | ^
/Library/Developer/CommandLineTools/SDKs/MacOSX.sdk/usr/include/c++/v1/__iterator/wrap_iter.h:146:1: note: candidate template ignored: could not match '__wrap_iter' against 'MaliciousShamirShare<gfp_<0, 3> >::gfp_'
  146 | operator!=(const __wrap_iter<_Iter1>& __x, const __wrap_iter<_Iter2>& __y) _NOEXCEPT {
      | ^
/Library/Developer/CommandLineTools/SDKs/MacOSX.sdk/usr/include/c++/v1/string_view:762:1: note: candidate template ignored: could not match 'basic_string_view' against 'MaliciousShamirShare<gfp_<0, 3> >::gfp_'
  762 | operator!=(basic_string_view<_CharT, _Traits> __lhs, basic_string_view<_CharT, _Traits> __rhs) _NOEXCEPT {
      | ^
/Library/Developer/CommandLineTools/SDKs/MacOSX.sdk/usr/include/c++/v1/string_view:770:1: note: candidate template ignored: could not match 'basic_string_view' against 'MaliciousShamirShare<gfp_<0, 3> >::gfp_'
  770 | operator!=(basic_string_view<_CharT, _Traits> __lhs,
      | ^
/Library/Developer/CommandLineTools/SDKs/MacOSX.sdk/usr/include/c++/v1/string_view:779:1: note: candidate template ignored: could not match 'basic_string_view<_CharT, _Traits>' against 'int128'
  779 | operator!=(__type_identity_t<basic_string_view<_CharT, _Traits> > __lhs,
      | ^
/Library/Developer/CommandLineTools/SDKs/MacOSX.sdk/usr/include/c++/v1/optional:999:1: note: candidate template ignored: could not match 'optional' against 'MaliciousShamirShare<gfp_<0, 3> >::gfp_'
  999 | operator!=(const optional<_Tp>& __x, const optional<_Up>& __y) {
      | ^
/Library/Developer/CommandLineTools/SDKs/MacOSX.sdk/usr/include/c++/v1/optional:1081:38: note: candidate template ignored: could not match 'optional' against 'MaliciousShamirShare<gfp_<0, 3> >::gfp_'
 1081 | _LIBCPP_HIDE_FROM_ABI constexpr bool operator!=(const optional<_Tp>& __x, nullopt_t) noexcept {
      |                                      ^
/Library/Developer/CommandLineTools/SDKs/MacOSX.sdk/usr/include/c++/v1/optional:1086:38: note: candidate template ignored: could not match 'optional<_Tp>' against 'int128'
 1086 | _LIBCPP_HIDE_FROM_ABI constexpr bool operator!=(nullopt_t, const optional<_Tp>& __x) noexcept {
      |                                      ^
/Library/Developer/CommandLineTools/SDKs/MacOSX.sdk/usr/include/c++/v1/optional:1160:1: note: candidate template ignored: could not match 'optional' against 'MaliciousShamirShare<gfp_<0, 3> >::gfp_'
 1160 | operator!=(const optional<_Tp>& __x, const _Up& __v) {
      | ^
/Library/Developer/CommandLineTools/SDKs/MacOSX.sdk/usr/include/c++/v1/optional:1168:1: note: candidate template ignored: could not match 'optional<_Up>' against 'int128'
 1168 | operator!=(const _Tp& __v, const optional<_Up>& __x) {
      | ^
/Library/Developer/CommandLineTools/SDKs/MacOSX.sdk/usr/include/c++/v1/__iterator/istream_iterator.h:93:35: note: candidate template ignored: could not match 'istream_iterator' against 'MaliciousShamirShare<gfp_<0, 3> >::gfp_'
   93 | inline _LIBCPP_HIDE_FROM_ABI bool operator!=(const istream_iterator<_Tp, _CharT, _Traits, _Distance>& __x,
      |                                   ^
/Library/Developer/CommandLineTools/SDKs/MacOSX.sdk/usr/include/c++/v1/__iterator/istreambuf_iterator.h:102:1: note: candidate template ignored: could not match 'istreambuf_iterator' against 'MaliciousShamirShare<gfp_<0, 3> >::gfp_'
  102 | operator!=(const istreambuf_iterator<_CharT, _Traits>& __a, const istreambuf_iterator<_CharT, _Traits>& __b) {
      | ^
/Library/Developer/CommandLineTools/SDKs/MacOSX.sdk/usr/include/c++/v1/__iterator/move_iterator.h:262:1: note: candidate template ignored: could not match 'move_iterator' against 'MaliciousShamirShare<gfp_<0, 3> >::gfp_'
  262 | operator!=(const move_iterator<_Iter1>& __x, const move_iterator<_Iter2>& __y) {
      | ^
/Library/Developer/CommandLineTools/SDKs/MacOSX.sdk/usr/include/c++/v1/variant:1500:38: note: candidate template ignored: could not match 'variant' against 'MaliciousShamirShare<gfp_<0, 3> >::gfp_'
 1500 | _LIBCPP_HIDE_FROM_ABI constexpr bool operator!=(const variant<_Types...>& __lhs, const variant<_Types...>& __rhs) {
      |                                      ^
/Library/Developer/CommandLineTools/SDKs/MacOSX.sdk/usr/include/c++/v1/tuple:1179:1: note: candidate template ignored: could not match 'tuple' against 'MaliciousShamirShare<gfp_<0, 3> >::gfp_'
 1179 | operator!=(const tuple<_Tp...>& __x, const tuple<_Up...>& __y) {
      | ^
/Library/Developer/CommandLineTools/SDKs/MacOSX.sdk/usr/include/c++/v1/__memory/allocator.h:260:35: note: candidate template ignored: could not match 'allocator' against 'MaliciousShamirShare<gfp_<0, 3> >::gfp_'
  260 | inline _LIBCPP_HIDE_FROM_ABI bool operator!=(const allocator<_Tp>&, const allocator<_Up>&) _NOEXCEPT {
      |                                   ^
/Library/Developer/CommandLineTools/SDKs/MacOSX.sdk/usr/include/c++/v1/__memory/unique_ptr.h:503:35: note: candidate template ignored: could not match 'unique_ptr' against 'MaliciousShamirShare<gfp_<0, 3> >::gfp_'
  503 | inline _LIBCPP_HIDE_FROM_ABI bool operator!=(const unique_ptr<_T1, _D1>& __x, const unique_ptr<_T2, _D2>& __y) {
      |                                   ^
/Library/Developer/CommandLineTools/SDKs/MacOSX.sdk/usr/include/c++/v1/__memory/unique_ptr.h:554:35: note: candidate template ignored: could not match 'unique_ptr' against 'MaliciousShamirShare<gfp_<0, 3> >::gfp_'
  554 | inline _LIBCPP_HIDE_FROM_ABI bool operator!=(const unique_ptr<_T1, _D1>& __x, nullptr_t) _NOEXCEPT {
      |                                   ^
/Library/Developer/CommandLineTools/SDKs/MacOSX.sdk/usr/include/c++/v1/__memory/unique_ptr.h:559:35: note: candidate template ignored: could not match 'unique_ptr<_T1, _D1>' against 'int128'
  559 | inline _LIBCPP_HIDE_FROM_ABI bool operator!=(nullptr_t, const unique_ptr<_T1, _D1>& __x) _NOEXCEPT {
      |                                   ^
/Library/Developer/CommandLineTools/SDKs/MacOSX.sdk/usr/include/c++/v1/__memory/shared_ptr.h:1132:35: note: candidate template ignored: could not match 'shared_ptr' against 'MaliciousShamirShare<gfp_<0, 3> >::gfp_'
 1132 | inline _LIBCPP_HIDE_FROM_ABI bool operator!=(const shared_ptr<_Tp>& __x, const shared_ptr<_Up>& __y) _NOEXCEPT {
      |                                   ^
/Library/Developer/CommandLineTools/SDKs/MacOSX.sdk/usr/include/c++/v1/__memory/shared_ptr.h:1183:35: note: candidate template ignored: could not match 'shared_ptr' against 'MaliciousShamirShare<gfp_<0, 3> >::gfp_'
 1183 | inline _LIBCPP_HIDE_FROM_ABI bool operator!=(const shared_ptr<_Tp>& __x, nullptr_t) _NOEXCEPT {
      |                                   ^
/Library/Developer/CommandLineTools/SDKs/MacOSX.sdk/usr/include/c++/v1/__memory/shared_ptr.h:1188:35: note: candidate template ignored: could not match 'shared_ptr<_Tp>' against 'int128'
 1188 | inline _LIBCPP_HIDE_FROM_ABI bool operator!=(nullptr_t, const shared_ptr<_Tp>& __x) _NOEXCEPT {
      |                                   ^
/Library/Developer/CommandLineTools/SDKs/MacOSX.sdk/usr/include/c++/v1/__ios/fpos.h:70:35: note: candidate template ignored: could not match 'fpos' against 'MaliciousShamirShare<gfp_<0, 3> >::gfp_'
   70 | inline _LIBCPP_HIDE_FROM_ABI bool operator!=(const fpos<_StateT>& __x, const fpos<_StateT>& __y) {
      |                                   ^
/Library/Developer/CommandLineTools/SDKs/MacOSX.sdk/usr/include/c++/v1/string:3888:35: note: candidate template ignored: could not match 'basic_string' against 'MaliciousShamirShare<gfp_<0, 3> >::gfp_'
 3888 | inline _LIBCPP_HIDE_FROM_ABI bool operator!=(const basic_string<_CharT, _Traits, _Allocator>& __lhs,
      |                                   ^
/Library/Developer/CommandLineTools/SDKs/MacOSX.sdk/usr/include/c++/v1/string:3895:1: note: candidate template ignored: could not match 'const _CharT *' against 'typename MaliciousShamirShare<gfp_<0, 3>>::clear' (aka 'gfp_<0, 3>')
 3895 | operator!=(const _CharT* __lhs, const basic_string<_CharT, _Traits, _Allocator>& __rhs) _NOEXCEPT {
      | ^
/Library/Developer/CommandLineTools/SDKs/MacOSX.sdk/usr/include/c++/v1/string:3901:1: note: candidate template ignored: could not match 'basic_string' against 'MaliciousShamirShare<gfp_<0, 3> >::gfp_'
 3901 | operator!=(const basic_string<_CharT, _Traits, _Allocator>& __lhs, const _CharT* __rhs) _NOEXCEPT {
      | ^
/Library/Developer/CommandLineTools/SDKs/MacOSX.sdk/usr/include/c++/v1/array:396:35: note: candidate template ignored: could not match 'array' against 'MaliciousShamirShare<gfp_<0, 3> >::gfp_'
  396 | inline _LIBCPP_HIDE_FROM_ABI bool operator!=(const array<_Tp, _Size>& __x, const array<_Tp, _Size>& __y) {
      |                                   ^
/Library/Developer/CommandLineTools/SDKs/MacOSX.sdk/usr/include/c++/v1/vector:2915:35: note: candidate template ignored: could not match 'vector' against 'MaliciousShamirShare<gfp_<0, 3> >::gfp_'
 2915 | inline _LIBCPP_HIDE_FROM_ABI bool operator!=(const vector<_Tp, _Allocator>& __x, const vector<_Tp, _Allocator>& __y) {
      |                                   ^
/Library/Developer/CommandLineTools/SDKs/MacOSX.sdk/usr/include/c++/v1/list:1659:35: note: candidate template ignored: could not match 'list' against 'MaliciousShamirShare<gfp_<0, 3> >::gfp_'
 1659 | inline _LIBCPP_HIDE_FROM_ABI bool operator!=(const list<_Tp, _Alloc>& __x, const list<_Tp, _Alloc>& __y) {
      |                                   ^
/Library/Developer/CommandLineTools/SDKs/MacOSX.sdk/usr/include/c++/v1/__functional/function.h:1026:35: note: candidate template ignored: could not match 'function' against 'MaliciousShamirShare<gfp_<0, 3> >::gfp_'
 1026 | inline _LIBCPP_HIDE_FROM_ABI bool operator!=(const function<_Rp(_ArgTypes...)>& __f, nullptr_t) _NOEXCEPT {
      |                                   ^
/Library/Developer/CommandLineTools/SDKs/MacOSX.sdk/usr/include/c++/v1/__functional/function.h:1031:35: note: candidate template ignored: could not match 'function<_Rp (_ArgTypes...)>' against 'int128'
 1031 | inline _LIBCPP_HIDE_FROM_ABI bool operator!=(nullptr_t, const function<_Rp(_ArgTypes...)>& __f) _NOEXCEPT {
      |                                   ^
/Library/Developer/CommandLineTools/SDKs/MacOSX.sdk/usr/include/c++/v1/unordered_map:1819:35: note: candidate template ignored: could not match 'unordered_map' against 'MaliciousShamirShare<gfp_<0, 3> >::gfp_'
 1819 | inline _LIBCPP_HIDE_FROM_ABI bool operator!=(const unordered_map<_Key, _Tp, _Hash, _Pred, _Alloc>& __x,
      |                                   ^
/Library/Developer/CommandLineTools/SDKs/MacOSX.sdk/usr/include/c++/v1/unordered_map:2509:35: note: candidate template ignored: could not match 'unordered_multimap' against 'MaliciousShamirShare<gfp_<0, 3> >::gfp_'
 2509 | inline _LIBCPP_HIDE_FROM_ABI bool operator!=(const unordered_multimap<_Key, _Tp, _Hash, _Pred, _Alloc>& __x,
      |                                   ^
/Library/Developer/CommandLineTools/SDKs/MacOSX.sdk/usr/include/c++/v1/map:1593:1: note: candidate template ignored: could not match 'map' against 'MaliciousShamirShare<gfp_<0, 3> >::gfp_'
 1593 | operator!=(const map<_Key, _Tp, _Compare, _Allocator>& __x, const map<_Key, _Tp, _Compare, _Allocator>& __y) {
      | ^
/Library/Developer/CommandLineTools/SDKs/MacOSX.sdk/usr/include/c++/v1/map:2106:1: note: candidate template ignored: could not match 'multimap' against 'MaliciousShamirShare<gfp_<0, 3> >::gfp_'
 2106 | operator!=(const multimap<_Key, _Tp, _Compare, _Allocator>& __x, const multimap<_Key, _Tp, _Compare, _Allocator>& __y) {
      | ^
/Library/Developer/CommandLineTools/SDKs/MacOSX.sdk/usr/include/c++/v1/deque:2530:35: note: candidate template ignored: could not match 'deque' against 'MaliciousShamirShare<gfp_<0, 3> >::gfp_'
 2530 | inline _LIBCPP_HIDE_FROM_ABI bool operator!=(const deque<_Tp, _Allocator>& __x, const deque<_Tp, _Allocator>& __y) {
      |                                   ^
/Library/Developer/CommandLineTools/SDKs/MacOSX.sdk/usr/include/c++/v1/queue:473:35: note: candidate template ignored: could not match 'queue' against 'MaliciousShamirShare<gfp_<0, 3> >::gfp_'
  473 | inline _LIBCPP_HIDE_FROM_ABI bool operator!=(const queue<_Tp, _Container>& __x, const queue<_Tp, _Container>& __y) {
      |                                   ^
/Library/Developer/CommandLineTools/SDKs/MacOSX.sdk/usr/include/c++/v1/stack:329:35: note: candidate template ignored: could not match 'stack' against 'MaliciousShamirShare<gfp_<0, 3> >::gfp_'
  329 | inline _LIBCPP_HIDE_FROM_ABI bool operator!=(const stack<_Tp, _Container>& __x, const stack<_Tp, _Container>& __y) {
      |                                   ^
/Library/Developer/CommandLineTools/SDKs/MacOSX.sdk/usr/include/c++/v1/set:969:1: note: candidate template ignored: could not match 'set' against 'MaliciousShamirShare<gfp_<0, 3> >::gfp_'
  969 | operator!=(const set<_Key, _Compare, _Allocator>& __x, const set<_Key, _Compare, _Allocator>& __y) {
      | ^
/Library/Developer/CommandLineTools/SDKs/MacOSX.sdk/usr/include/c++/v1/set:1428:1: note: candidate template ignored: could not match 'multiset' against 'MaliciousShamirShare<gfp_<0, 3> >::gfp_'
 1428 | operator!=(const multiset<_Key, _Compare, _Allocator>& __x, const multiset<_Key, _Compare, _Allocator>& __y) {
      | ^
/opt/homebrew/include/gmpxx.h:3340:41: note: candidate template ignored: could not match '__gmp_expr' against 'MaliciousShamirShare<gfp_<0, 3> >::gfp_'
 3340 | __GMP_DEFINE_BINARY_TYPE_FUNCTION(bool, operator!=, ! __gmp_binary_equal)
      |                                         ^
/opt/homebrew/include/gmpxx.h:3340:41: note: candidate template ignored: could not match '__gmp_expr' against 'MaliciousShamirShare<gfp_<0, 3> >::gfp_'
/opt/homebrew/include/gmpxx.h:3340:41: note: candidate template ignored: could not match '__gmp_expr<T, U>' against 'int128'
/opt/homebrew/include/gmpxx.h:3340:41: note: candidate template ignored: could not match '__gmp_expr' against 'MaliciousShamirShare<gfp_<0, 3> >::gfp_'
/opt/homebrew/include/gmpxx.h:3340:41: note: candidate template ignored: could not match '__gmp_expr<T, U>' against 'int128'
/opt/homebrew/include/gmpxx.h:3340:41: note: candidate template ignored: could not match '__gmp_expr' against 'MaliciousShamirShare<gfp_<0, 3> >::gfp_'
/opt/homebrew/include/gmpxx.h:3340:41: note: candidate template ignored: could not match '__gmp_expr<T, U>' against 'int128'
/opt/homebrew/include/gmpxx.h:3340:41: note: candidate template ignored: could not match '__gmp_expr' against 'MaliciousShamirShare<gfp_<0, 3> >::gfp_'
/opt/homebrew/include/gmpxx.h:3340:41: note: candidate template ignored: could not match '__gmp_expr<T, U>' against 'int128'
/opt/homebrew/include/gmpxx.h:3340:41: note: candidate template ignored: could not match '__gmp_expr' against 'MaliciousShamirShare<gfp_<0, 3> >::gfp_'
/opt/homebrew/include/gmpxx.h:3340:41: note: candidate template ignored: could not match '__gmp_expr<T, U>' against 'int128'
/opt/homebrew/include/gmpxx.h:3340:41: note: candidate template ignored: could not match '__gmp_expr' against 'MaliciousShamirShare<gfp_<0, 3> >::gfp_'
/opt/homebrew/include/gmpxx.h:3340:41: note: candidate template ignored: could not match '__gmp_expr<T, U>' against 'int128'
/opt/homebrew/include/gmpxx.h:3340:41: note: candidate template ignored: could not match '__gmp_expr' against 'MaliciousShamirShare<gfp_<0, 3> >::gfp_'
/opt/homebrew/include/gmpxx.h:3340:41: note: candidate template ignored: could not match '__gmp_expr<T, U>' against 'int128'
/opt/homebrew/include/gmpxx.h:3340:41: note: candidate template ignored: could not match '__gmp_expr' against 'MaliciousShamirShare<gfp_<0, 3> >::gfp_'
/opt/homebrew/include/gmpxx.h:3340:41: note: candidate template ignored: could not match '__gmp_expr<T, U>' against 'int128'
/opt/homebrew/include/gmpxx.h:3340:41: note: candidate template ignored: could not match '__gmp_expr' against 'MaliciousShamirShare<gfp_<0, 3> >::gfp_'
/opt/homebrew/include/gmpxx.h:3340:41: note: candidate template ignored: could not match '__gmp_expr<T, U>' against 'int128'
/opt/homebrew/include/gmpxx.h:3340:41: note: candidate template ignored: could not match '__gmp_expr' against 'MaliciousShamirShare<gfp_<0, 3> >::gfp_'
/opt/homebrew/include/gmpxx.h:3340:41: note: candidate template ignored: could not match '__gmp_expr<T, U>' against 'int128'
/Library/Developer/CommandLineTools/SDKs/MacOSX.sdk/usr/include/c++/v1/forward_list:1489:1: note: candidate template ignored: could not match 'forward_list' against 'MaliciousShamirShare<gfp_<0, 3> >::gfp_'
 1489 | operator!=(const forward_list<_Tp, _Alloc>& __x, const forward_list<_Tp, _Alloc>& __y) {
      | ^
./Math/gfp.h:186:8: note: candidate function not viable: no known conversion from 'int128' to 'const gfp_<0, 3>' for 1st argument
  186 |   bool operator!=(const gfp_& y) const { return !equal(y); }
      |        ^          ~~~~~~~~~~~~~
In file included from Machines/malicious-shamir-party.cpp:8:
In file included from ./Machines/MalRep.hpp:9:
In file included from ./Protocols/MalRepRingPrep.hpp:15:
./Protocols/ShuffleSacrifice.hpp:169:42: error: invalid operands to binary expression ('typename MaliciousShamirShare<gfp_<0, 3>>::clear' (aka 'gfp_<0, 3>') and 'int128')
  169 |         if (typename T::clear(opened[i]) != bits[i].get())
      |             ~~~~~~~~~~~~~~~~~~~~~~~~~~~~ ^  ~~~~~~~~~~~~~
/Library/Developer/CommandLineTools/SDKs/MacOSX.sdk/usr/include/c++/v1/__variant/monostate.h:38:45: note: candidate function not viable: no known conversion from 'typename MaliciousShamirShare<gfp_<0, 3>>::clear' (aka 'gfp_<0, 3>') to 'monostate' for 1st argument
   38 | _LIBCPP_HIDE_FROM_ABI inline constexpr bool operator!=(monostate, monostate) noexcept { return false; }
      |                                             ^          ~~~~~~~~~
/Library/Developer/CommandLineTools/SDKs/MacOSX.sdk/usr/include/c++/v1/__system_error/error_condition.h:102:35: note: candidate function not viable: no known conversion from 'typename MaliciousShamirShare<gfp_<0, 3>>::clear' (aka 'gfp_<0, 3>') to 'const error_condition' for 1st argument
  102 | inline _LIBCPP_HIDE_FROM_ABI bool operator!=(const error_condition& __x, const error_condition& __y) _NOEXCEPT {
      |                                   ^          ~~~~~~~~~~~~~~~~~~~~~~~~~~
/Library/Developer/CommandLineTools/SDKs/MacOSX.sdk/usr/include/c++/v1/__system_error/error_code.h:108:35: note: candidate function not viable: no known conversion from 'typename MaliciousShamirShare<gfp_<0, 3>>::clear' (aka 'gfp_<0, 3>') to 'const error_code' for 1st argument
  108 | inline _LIBCPP_HIDE_FROM_ABI bool operator!=(const error_code& __x, const error_code& __y) _NOEXCEPT {
      |                                   ^          ~~~~~~~~~~~~~~~~~~~~~
/Library/Developer/CommandLineTools/SDKs/MacOSX.sdk/usr/include/c++/v1/__system_error/error_code.h:112:35: note: candidate function not viable: no known conversion from 'typename MaliciousShamirShare<gfp_<0, 3>>::clear' (aka 'gfp_<0, 3>') to 'const error_code' for 1st argument
  112 | inline _LIBCPP_HIDE_FROM_ABI bool operator!=(const error_code& __x, const error_condition& __y) _NOEXCEPT {
      |                                   ^          ~~~~~~~~~~~~~~~~~~~~~
/Library/Developer/CommandLineTools/SDKs/MacOSX.sdk/usr/include/c++/v1/__system_error/error_code.h:116:35: note: candidate function not viable: no known conversion from 'typename MaliciousShamirShare<gfp_<0, 3>>::clear' (aka 'gfp_<0, 3>') to 'const error_condition' for 1st argument
  116 | inline _LIBCPP_HIDE_FROM_ABI bool operator!=(const error_condition& __x, const error_code& __y) _NOEXCEPT {
      |                                   ^          ~~~~~~~~~~~~~~~~~~~~~~~~~~
/Library/Developer/CommandLineTools/SDKs/MacOSX.sdk/usr/include/c++/v1/__thread/id.h:89:35: note: candidate function not viable: no known conversion from 'typename MaliciousShamirShare<gfp_<0, 3>>::clear' (aka 'gfp_<0, 3>') to '__thread_id' for 1st argument
   89 | inline _LIBCPP_HIDE_FROM_ABI bool operator!=(__thread_id __x, __thread_id __y) _NOEXCEPT { return !(__x == __y); }
      |                                   ^          ~~~~~~~~~~~~~~~
/Library/Developer/CommandLineTools/SDKs/MacOSX.sdk/usr/include/c++/v1/__utility/pair.h:512:1: note: candidate template ignored: could not match 'pair' against 'MaliciousShamirShare<gfp_<0, 3> >::gfp_'
  512 | operator!=(const pair<_T1, _T2>& __x, const pair<_U1, _U2>& __y) {
      | ^
/Library/Developer/CommandLineTools/SDKs/MacOSX.sdk/usr/include/c++/v1/__iterator/reverse_iterator.h:230:1: note: candidate template ignored: could not match 'reverse_iterator' against 'MaliciousShamirShare<gfp_<0, 3> >::gfp_'
  230 | operator!=(const reverse_iterator<_Iter1>& __x, const reverse_iterator<_Iter2>& __y)
      | ^
/Library/Developer/CommandLineTools/SDKs/MacOSX.sdk/usr/include/c++/v1/__iterator/wrap_iter.h:140:1: note: candidate template ignored: could not match '__wrap_iter' against 'MaliciousShamirShare<gfp_<0, 3> >::gfp_'
  140 | operator!=(const __wrap_iter<_Iter1>& __x, const __wrap_iter<_Iter1>& __y) _NOEXCEPT {
      | ^
/Library/Developer/CommandLineTools/SDKs/MacOSX.sdk/usr/include/c++/v1/__iterator/wrap_iter.h:146:1: note: candidate template ignored: could not match '__wrap_iter' against 'MaliciousShamirShare<gfp_<0, 3> >::gfp_'
  146 | operator!=(const __wrap_iter<_Iter1>& __x, const __wrap_iter<_Iter2>& __y) _NOEXCEPT {
      | ^
/Library/Developer/CommandLineTools/SDKs/MacOSX.sdk/usr/include/c++/v1/string_view:762:1: note: candidate template ignored: could not match 'basic_string_view' against 'MaliciousShamirShare<gfp_<0, 3> >::gfp_'
  762 | operator!=(basic_string_view<_CharT, _Traits> __lhs, basic_string_view<_CharT, _Traits> __rhs) _NOEXCEPT {
      | ^
/Library/Developer/CommandLineTools/SDKs/MacOSX.sdk/usr/include/c++/v1/string_view:770:1: note: candidate template ignored: could not match 'basic_string_view' against 'MaliciousShamirShare<gfp_<0, 3> >::gfp_'
  770 | operator!=(basic_string_view<_CharT, _Traits> __lhs,
      | ^
/Library/Developer/CommandLineTools/SDKs/MacOSX.sdk/usr/include/c++/v1/string_view:779:1: note: candidate template ignored: could not match 'basic_string_view<_CharT, _Traits>' against 'int128'
  779 | operator!=(__type_identity_t<basic_string_view<_CharT, _Traits> > __lhs,
      | ^
/Library/Developer/CommandLineTools/SDKs/MacOSX.sdk/usr/include/c++/v1/optional:999:1: note: candidate template ignored: could not match 'optional' against 'MaliciousShamirShare<gfp_<0, 3> >::gfp_'
  999 | operator!=(const optional<_Tp>& __x, const optional<_Up>& __y) {
      | ^
/Library/Developer/CommandLineTools/SDKs/MacOSX.sdk/usr/include/c++/v1/optional:1081:38: note: candidate template ignored: could not match 'optional' against 'MaliciousShamirShare<gfp_<0, 3> >::gfp_'
 1081 | _LIBCPP_HIDE_FROM_ABI constexpr bool operator!=(const optional<_Tp>& __x, nullopt_t) noexcept {
      |                                      ^
/Library/Developer/CommandLineTools/SDKs/MacOSX.sdk/usr/include/c++/v1/optional:1086:38: note: candidate template ignored: could not match 'optional<_Tp>' against 'int128'
 1086 | _LIBCPP_HIDE_FROM_ABI constexpr bool operator!=(nullopt_t, const optional<_Tp>& __x) noexcept {
      |                                      ^
/Library/Developer/CommandLineTools/SDKs/MacOSX.sdk/usr/include/c++/v1/optional:1160:1: note: candidate template ignored: could not match 'optional' against 'MaliciousShamirShare<gfp_<0, 3> >::gfp_'
 1160 | operator!=(const optional<_Tp>& __x, const _Up& __v) {
      | ^
/Library/Developer/CommandLineTools/SDKs/MacOSX.sdk/usr/include/c++/v1/optional:1168:1: note: candidate template ignored: could not match 'optional<_Up>' against 'int128'
 1168 | operator!=(const _Tp& __v, const optional<_Up>& __x) {
      | ^
/Library/Developer/CommandLineTools/SDKs/MacOSX.sdk/usr/include/c++/v1/__iterator/istream_iterator.h:93:35: note: candidate template ignored: could not match 'istream_iterator' against 'MaliciousShamirShare<gfp_<0, 3> >::gfp_'
   93 | inline _LIBCPP_HIDE_FROM_ABI bool operator!=(const istream_iterator<_Tp, _CharT, _Traits, _Distance>& __x,
      |                                   ^
/Library/Developer/CommandLineTools/SDKs/MacOSX.sdk/usr/include/c++/v1/__iterator/istreambuf_iterator.h:102:1: note: candidate template ignored: could not match 'istreambuf_iterator' against 'MaliciousShamirShare<gfp_<0, 3> >::gfp_'
  102 | operator!=(const istreambuf_iterator<_CharT, _Traits>& __a, const istreambuf_iterator<_CharT, _Traits>& __b) {
      | ^
/Library/Developer/CommandLineTools/SDKs/MacOSX.sdk/usr/include/c++/v1/__iterator/move_iterator.h:262:1: note: candidate template ignored: could not match 'move_iterator' against 'MaliciousShamirShare<gfp_<0, 3> >::gfp_'
  262 | operator!=(const move_iterator<_Iter1>& __x, const move_iterator<_Iter2>& __y) {
      | ^
/Library/Developer/CommandLineTools/SDKs/MacOSX.sdk/usr/include/c++/v1/variant:1500:38: note: candidate template ignored: could not match 'variant' against 'MaliciousShamirShare<gfp_<0, 3> >::gfp_'
 1500 | _LIBCPP_HIDE_FROM_ABI constexpr bool operator!=(const variant<_Types...>& __lhs, const variant<_Types...>& __rhs) {
      |                                      ^
/Library/Developer/CommandLineTools/SDKs/MacOSX.sdk/usr/include/c++/v1/tuple:1179:1: note: candidate template ignored: could not match 'tuple' against 'MaliciousShamirShare<gfp_<0, 3> >::gfp_'
 1179 | operator!=(const tuple<_Tp...>& __x, const tuple<_Up...>& __y) {
      | ^
/Library/Developer/CommandLineTools/SDKs/MacOSX.sdk/usr/include/c++/v1/__memory/allocator.h:260:35: note: candidate template ignored: could not match 'allocator' against 'MaliciousShamirShare<gfp_<0, 3> >::gfp_'
  260 | inline _LIBCPP_HIDE_FROM_ABI bool operator!=(const allocator<_Tp>&, const allocator<_Up>&) _NOEXCEPT {
      |                                   ^
/Library/Developer/CommandLineTools/SDKs/MacOSX.sdk/usr/include/c++/v1/__memory/unique_ptr.h:503:35: note: candidate template ignored: could not match 'unique_ptr' against 'MaliciousShamirShare<gfp_<0, 3> >::gfp_'
  503 | inline _LIBCPP_HIDE_FROM_ABI bool operator!=(const unique_ptr<_T1, _D1>& __x, const unique_ptr<_T2, _D2>& __y) {
      |                                   ^
/Library/Developer/CommandLineTools/SDKs/MacOSX.sdk/usr/include/c++/v1/__memory/unique_ptr.h:554:35: note: candidate template ignored: could not match 'unique_ptr' against 'MaliciousShamirShare<gfp_<0, 3> >::gfp_'
  554 | inline _LIBCPP_HIDE_FROM_ABI bool operator!=(const unique_ptr<_T1, _D1>& __x, nullptr_t) _NOEXCEPT {
      |                                   ^
/Library/Developer/CommandLineTools/SDKs/MacOSX.sdk/usr/include/c++/v1/__memory/unique_ptr.h:559:35: note: candidate template ignored: could not match 'unique_ptr<_T1, _D1>' against 'int128'
  559 | inline _LIBCPP_HIDE_FROM_ABI bool operator!=(nullptr_t, const unique_ptr<_T1, _D1>& __x) _NOEXCEPT {
      |                                   ^
/Library/Developer/CommandLineTools/SDKs/MacOSX.sdk/usr/include/c++/v1/__memory/shared_ptr.h:1132:35: note: candidate template ignored: could not match 'shared_ptr' against 'MaliciousShamirShare<gfp_<0, 3> >::gfp_'
 1132 | inline _LIBCPP_HIDE_FROM_ABI bool operator!=(const shared_ptr<_Tp>& __x, const shared_ptr<_Up>& __y) _NOEXCEPT {
      |                                   ^
/Library/Developer/CommandLineTools/SDKs/MacOSX.sdk/usr/include/c++/v1/__memory/shared_ptr.h:1183:35: note: candidate template ignored: could not match 'shared_ptr' against 'MaliciousShamirShare<gfp_<0, 3> >::gfp_'
 1183 | inline _LIBCPP_HIDE_FROM_ABI bool operator!=(const shared_ptr<_Tp>& __x, nullptr_t) _NOEXCEPT {
      |                                   ^
/Library/Developer/CommandLineTools/SDKs/MacOSX.sdk/usr/include/c++/v1/__memory/shared_ptr.h:1188:35: note: candidate template ignored: could not match 'shared_ptr<_Tp>' against 'int128'
 1188 | inline _LIBCPP_HIDE_FROM_ABI bool operator!=(nullptr_t, const shared_ptr<_Tp>& __x) _NOEXCEPT {
      |                                   ^
/Library/Developer/CommandLineTools/SDKs/MacOSX.sdk/usr/include/c++/v1/__ios/fpos.h:70:35: note: candidate template ignored: could not match 'fpos' against 'MaliciousShamirShare<gfp_<0, 3> >::gfp_'
   70 | inline _LIBCPP_HIDE_FROM_ABI bool operator!=(const fpos<_StateT>& __x, const fpos<_StateT>& __y) {
      |                                   ^
/Library/Developer/CommandLineTools/SDKs/MacOSX.sdk/usr/include/c++/v1/string:3888:35: note: candidate template ignored: could not match 'basic_string' against 'MaliciousShamirShare<gfp_<0, 3> >::gfp_'
 3888 | inline _LIBCPP_HIDE_FROM_ABI bool operator!=(const basic_string<_CharT, _Traits, _Allocator>& __lhs,
      |                                   ^
/Library/Developer/CommandLineTools/SDKs/MacOSX.sdk/usr/include/c++/v1/string:3895:1: note: candidate template ignored: could not match 'const _CharT *' against 'typename MaliciousShamirShare<gfp_<0, 3>>::clear' (aka 'gfp_<0, 3>')
 3895 | operator!=(const _CharT* __lhs, const basic_string<_CharT, _Traits, _Allocator>& __rhs) _NOEXCEPT {
      | ^
/Library/Developer/CommandLineTools/SDKs/MacOSX.sdk/usr/include/c++/v1/string:3901:1: note: candidate template ignored: could not match 'basic_string' against 'MaliciousShamirShare<gfp_<0, 3> >::gfp_'
 3901 | operator!=(const basic_string<_CharT, _Traits, _Allocator>& __lhs, const _CharT* __rhs) _NOEXCEPT {
      | ^
/Library/Developer/CommandLineTools/SDKs/MacOSX.sdk/usr/include/c++/v1/array:396:35: note: candidate template ignored: could not match 'array' against 'MaliciousShamirShare<gfp_<0, 3> >::gfp_'
  396 | inline _LIBCPP_HIDE_FROM_ABI bool operator!=(const array<_Tp, _Size>& __x, const array<_Tp, _Size>& __y) {
      |                                   ^
/Library/Developer/CommandLineTools/SDKs/MacOSX.sdk/usr/include/c++/v1/vector:2915:35: note: candidate template ignored: could not match 'vector' against 'MaliciousShamirShare<gfp_<0, 3> >::gfp_'
 2915 | inline _LIBCPP_HIDE_FROM_ABI bool operator!=(const vector<_Tp, _Allocator>& __x, const vector<_Tp, _Allocator>& __y) {
      |                                   ^
/Library/Developer/CommandLineTools/SDKs/MacOSX.sdk/usr/include/c++/v1/list:1659:35: note: candidate template ignored: could not match 'list' against 'MaliciousShamirShare<gfp_<0, 3> >::gfp_'
 1659 | inline _LIBCPP_HIDE_FROM_ABI bool operator!=(const list<_Tp, _Alloc>& __x, const list<_Tp, _Alloc>& __y) {
      |                                   ^
/Library/Developer/CommandLineTools/SDKs/MacOSX.sdk/usr/include/c++/v1/__functional/function.h:1026:35: note: candidate template ignored: could not match 'function' against 'MaliciousShamirShare<gfp_<0, 3> >::gfp_'
 1026 | inline _LIBCPP_HIDE_FROM_ABI bool operator!=(const function<_Rp(_ArgTypes...)>& __f, nullptr_t) _NOEXCEPT {
      |                                   ^
/Library/Developer/CommandLineTools/SDKs/MacOSX.sdk/usr/include/c++/v1/__functional/function.h:1031:35: note: candidate template ignored: could not match 'function<_Rp (_ArgTypes...)>' against 'int128'
 1031 | inline _LIBCPP_HIDE_FROM_ABI bool operator!=(nullptr_t, const function<_Rp(_ArgTypes...)>& __f) _NOEXCEPT {
      |                                   ^
/Library/Developer/CommandLineTools/SDKs/MacOSX.sdk/usr/include/c++/v1/unordered_map:1819:35: note: candidate template ignored: could not match 'unordered_map' against 'MaliciousShamirShare<gfp_<0, 3> >::gfp_'
 1819 | inline _LIBCPP_HIDE_FROM_ABI bool operator!=(const unordered_map<_Key, _Tp, _Hash, _Pred, _Alloc>& __x,
      |                                   ^
/Library/Developer/CommandLineTools/SDKs/MacOSX.sdk/usr/include/c++/v1/unordered_map:2509:35: note: candidate template ignored: could not match 'unordered_multimap' against 'MaliciousShamirShare<gfp_<0, 3> >::gfp_'
 2509 | inline _LIBCPP_HIDE_FROM_ABI bool operator!=(const unordered_multimap<_Key, _Tp, _Hash, _Pred, _Alloc>& __x,
      |                                   ^
/Library/Developer/CommandLineTools/SDKs/MacOSX.sdk/usr/include/c++/v1/map:1593:1: note: candidate template ignored: could not match 'map' against 'MaliciousShamirShare<gfp_<0, 3> >::gfp_'
 1593 | operator!=(const map<_Key, _Tp, _Compare, _Allocator>& __x, const map<_Key, _Tp, _Compare, _Allocator>& __y) {
      | ^
/Library/Developer/CommandLineTools/SDKs/MacOSX.sdk/usr/include/c++/v1/map:2106:1: note: candidate template ignored: could not match 'multimap' against 'MaliciousShamirShare<gfp_<0, 3> >::gfp_'
 2106 | operator!=(const multimap<_Key, _Tp, _Compare, _Allocator>& __x, const multimap<_Key, _Tp, _Compare, _Allocator>& __y) {
      | ^
/Library/Developer/CommandLineTools/SDKs/MacOSX.sdk/usr/include/c++/v1/deque:2530:35: note: candidate template ignored: could not match 'deque' against 'MaliciousShamirShare<gfp_<0, 3> >::gfp_'
 2530 | inline _LIBCPP_HIDE_FROM_ABI bool operator!=(const deque<_Tp, _Allocator>& __x, const deque<_Tp, _Allocator>& __y) {
      |                                   ^
/Library/Developer/CommandLineTools/SDKs/MacOSX.sdk/usr/include/c++/v1/queue:473:35: note: candidate template ignored: could not match 'queue' against 'MaliciousShamirShare<gfp_<0, 3> >::gfp_'
  473 | inline _LIBCPP_HIDE_FROM_ABI bool operator!=(const queue<_Tp, _Container>& __x, const queue<_Tp, _Container>& __y) {
      |                                   ^
/Library/Developer/CommandLineTools/SDKs/MacOSX.sdk/usr/include/c++/v1/stack:329:35: note: candidate template ignored: could not match 'stack' against 'MaliciousShamirShare<gfp_<0, 3> >::gfp_'
  329 | inline _LIBCPP_HIDE_FROM_ABI bool operator!=(const stack<_Tp, _Container>& __x, const stack<_Tp, _Container>& __y) {
      |                                   ^
/Library/Developer/CommandLineTools/SDKs/MacOSX.sdk/usr/include/c++/v1/set:969:1: note: candidate template ignored: could not match 'set' against 'MaliciousShamirShare<gfp_<0, 3> >::gfp_'
  969 | operator!=(const set<_Key, _Compare, _Allocator>& __x, const set<_Key, _Compare, _Allocator>& __y) {
      | ^
/Library/Developer/CommandLineTools/SDKs/MacOSX.sdk/usr/include/c++/v1/set:1428:1: note: candidate template ignored: could not match 'multiset' against 'MaliciousShamirShare<gfp_<0, 3> >::gfp_'
 1428 | operator!=(const multiset<_Key, _Compare, _Allocator>& __x, const multiset<_Key, _Compare, _Allocator>& __y) {
      | ^
/opt/homebrew/include/gmpxx.h:3340:41: note: candidate template ignored: could not match '__gmp_expr' against 'MaliciousShamirShare<gfp_<0, 3> >::gfp_'
 3340 | __GMP_DEFINE_BINARY_TYPE_FUNCTION(bool, operator!=, ! __gmp_binary_equal)
      |                                         ^
/opt/homebrew/include/gmpxx.h:3340:41: note: candidate template ignored: could not match '__gmp_expr' against 'MaliciousShamirShare<gfp_<0, 3> >::gfp_'
/opt/homebrew/include/gmpxx.h:3340:41: note: candidate template ignored: could not match '__gmp_expr<T, U>' against 'int128'
/opt/homebrew/include/gmpxx.h:3340:41: note: candidate template ignored: could not match '__gmp_expr' against 'MaliciousShamirShare<gfp_<0, 3> >::gfp_'
/opt/homebrew/include/gmpxx.h:3340:41: note: candidate template ignored: could not match '__gmp_expr<T, U>' against 'int128'
/opt/homebrew/include/gmpxx.h:3340:41: note: candidate template ignored: could not match '__gmp_expr' against 'MaliciousShamirShare<gfp_<0, 3> >::gfp_'
/opt/homebrew/include/gmpxx.h:3340:41: note: candidate template ignored: could not match '__gmp_expr<T, U>' against 'int128'
/opt/homebrew/include/gmpxx.h:3340:41: note: candidate template ignored: could not match '__gmp_expr' against 'MaliciousShamirShare<gfp_<0, 3> >::gfp_'
/opt/homebrew/include/gmpxx.h:3340:41: note: candidate template ignored: could not match '__gmp_expr<T, U>' against 'int128'
/opt/homebrew/include/gmpxx.h:3340:41: note: candidate template ignored: could not match '__gmp_expr' against 'MaliciousShamirShare<gfp_<0, 3> >::gfp_'
/opt/homebrew/include/gmpxx.h:3340:41: note: candidate template ignored: could not match '__gmp_expr<T, U>' against 'int128'
/opt/homebrew/include/gmpxx.h:3340:41: note: candidate template ignored: could not match '__gmp_expr' against 'MaliciousShamirShare<gfp_<0, 3> >::gfp_'
/opt/homebrew/include/gmpxx.h:3340:41: note: candidate template ignored: could not match '__gmp_expr<T, U>' against 'int128'
/opt/homebrew/include/gmpxx.h:3340:41: note: candidate template ignored: could not match '__gmp_expr' against 'MaliciousShamirShare<gfp_<0, 3> >::gfp_'
/opt/homebrew/include/gmpxx.h:3340:41: note: candidate template ignored: could not match '__gmp_expr<T, U>' against 'int128'
/opt/homebrew/include/gmpxx.h:3340:41: note: candidate template ignored: could not match '__gmp_expr' against 'MaliciousShamirShare<gfp_<0, 3> >::gfp_'
/opt/homebrew/include/gmpxx.h:3340:41: note: candidate template ignored: could not match '__gmp_expr<T, U>' against 'int128'
/opt/homebrew/include/gmpxx.h:3340:41: note: candidate template ignored: could not match '__gmp_expr' against 'MaliciousShamirShare<gfp_<0, 3> >::gfp_'
/opt/homebrew/include/gmpxx.h:3340:41: note: candidate template ignored: could not match '__gmp_expr<T, U>' against 'int128'
/opt/homebrew/include/gmpxx.h:3340:41: note: candidate template ignored: could not match '__gmp_expr' against 'MaliciousShamirShare<gfp_<0, 3> >::gfp_'
/opt/homebrew/include/gmpxx.h:3340:41: note: candidate template ignored: could not match '__gmp_expr<T, U>' against 'int128'
/Library/Developer/CommandLineTools/SDKs/MacOSX.sdk/usr/include/c++/v1/forward_list:1489:1: note: candidate template ignored: could not match 'forward_list' against 'MaliciousShamirShare<gfp_<0, 3> >::gfp_'
 1489 | operator!=(const forward_list<_Tp, _Alloc>& __x, const forward_list<_Tp, _Alloc>& __y) {
      | ^
./Math/gfp.h:186:8: note: candidate function not viable: no known conversion from 'int128' to 'const gfp_<0, 3>' for 1st argument
  186 |   bool operator!=(const gfp_& y) const { return !equal(y); }
      |        ^          ~~~~~~~~~~~~~
In file included from Machines/malicious-shamir-party.cpp:8:
In file included from ./Machines/MalRep.hpp:13:
In file included from ./Machines/Rep.hpp:20:
In file included from ./GC/RepPrep.hpp:14:
./Protocols/ReplicatedPrep.hpp:971:17: error: no viable conversion from 'int128' to 'int'
  971 |             int masked = (*oit++).get();
      |                 ^        ~~~~~~~~~~~~~~
./Processor/Online-Thread.hpp:201:19: note: in instantiation of function template specialization 'RingPrep<MaliciousShamirShare<gfp_<0, 4>>>::sanitize<0>' requested here
  201 |                   sanitize<0>(
      |                   ^
./Processor/Online-Thread.hpp:357:8: note: in instantiation of member function 'thread_info<MaliciousShamirShare<gfp_<0, 4>>, MaliciousShamirShare<gf2n_long>>::Sub_Main_Func' requested here
  357 |     ti.Sub_Main_Func();
      |        ^
./Processor/Machine.hpp:185:65: note: in instantiation of member function 'thread_info<MaliciousShamirShare<gfp_<0, 4>>, MaliciousShamirShare<gf2n_long>>::Main_Func' requested here
  185 |       pthread_create(&threads[i],NULL,thread_info<sint, sgf2n>::Main_Func,&tinfo[i]);
      |                                                                 ^
./Processor/Machine.hpp:431:3: note: in instantiation of member function 'Machine<MaliciousShamirShare<gfp_<0, 4>>, MaliciousShamirShare<gf2n_long>>::prepare' requested here
  431 |   prepare(progname);
      |   ^
./Processor/OnlineMachine.hpp:193:70: note: in instantiation of member function 'Machine<MaliciousShamirShare<gfp_<0, 4>>, MaliciousShamirShare<gf2n_long>>::run' requested here
  193 |         Machine<T, U>(playerNames, use_encryption, online_opts, lg2).run(
      |                                                                      ^
./Processor/FieldMachine.hpp:47:20: note: in instantiation of function template specialization 'OnlineMachine::run<MaliciousShamirShare<gfp_<0, 4>>, MaliciousShamirShare<gf2n_long>>' requested here
   47 |     X(1) X(2) X(3) X(4)
      |                    ^
./Processor/FieldMachine.hpp:44:26: note: expanded from macro 'X'
   44 |         machine.template run<T<gfp_<0, L>>, V<X>>(); \
      |                          ^
./Processor/FieldMachine.hpp:29:5: note: in instantiation of member function 'FieldMachine<MaliciousShamirShare, MaliciousShamirShare, HonestMajorityMachine>::FieldMachine' requested here
   29 |     FieldMachine<T, T, V>(argc, argv, opt, online_opts,
      |     ^
Machines/ShamirMachine.hpp:100:5: note: in instantiation of member function 'HonestMajorityFieldMachine<MaliciousShamirShare>::HonestMajorityFieldMachine' requested here
  100 |     HonestMajorityFieldMachine<T>(argc, argv, opt, opts.nparties);
      |     ^
Machines/malicious-shamir-party.cpp:14:5: note: in instantiation of member function 'ShamirMachineSpec<MaliciousShamirShare>::ShamirMachineSpec' requested here
   14 |     ShamirMachineSpec<MaliciousShamirShare>(argc, argv);
      |     ^
In file included from Machines/malicious-shamir-party.cpp:8:
In file included from ./Machines/MalRep.hpp:13:
In file included from ./Machines/Rep.hpp:15:
In file included from ./Protocols/Spdz2kPrep.hpp:12:
./Protocols/DabitSacrifice.hpp:80:15: error: invalid operands to binary expression ('typename MaliciousShamirShare<gfp_<0, 4>>::clear' (aka 'gfp_<0, 4>') and 'int128')
   80 |         if (a != b.get())
      |             ~ ^  ~~~~~~~
./Protocols/DabitSacrifice.hpp:101:5: note: in instantiation of member function 'DabitSacrifice<MaliciousShamirShare<gfp_<0, 4>>>::sacrifice_without_bit_check' requested here
  101 |     sacrifice_without_bit_check(to_check, check_dabits, proc, queues);
      |     ^
./Protocols/MaliciousRingPrep.hpp:38:21: note: in instantiation of member function 'DabitSacrifice<MaliciousShamirShare<gfp_<0, 4>>>::sacrifice_and_check_bits' requested here
   38 |     dabit_sacrifice.sacrifice_and_check_bits(this->dabits, check_dabits,
      |                     ^
./Protocols/MaliciousRingPrep.hpp:47:9: note: in instantiation of function template specialization 'MaliciousDabitOnlyPrep<MaliciousShamirShare<gfp_<0, 4>>>::buffer_dabits<0>' requested here
   47 |         buffer_dabits<0>(queues, false_type(), false_type());
      |         ^
./Protocols/MaliciousRingPrep.hpp:18:5: note: in instantiation of function template specialization 'MaliciousDabitOnlyPrep<MaliciousShamirShare<gfp_<0, 4>>>::buffer_dabits<0>' requested here
   18 |     buffer_dabits<0>(queues, T::clear::characteristic_two,
      |     ^
./Protocols/MaliciousRepPrep.hpp:44:30: note: in instantiation of member function 'MaliciousDabitOnlyPrep<MaliciousShamirShare<gfp_<0, 4>>>::buffer_dabits' requested here
   44 | MaliciousRepPrepWithBits<T>::MaliciousRepPrepWithBits(SubProcessor<T>* proc,
      |                              ^
./Processor/Data_Files.hpp:16:14: note: (skipping 4 contexts in backtrace; use -ftemplate-backtrace-limit=0 to see all)
   16 |   return new typename T::LivePrep(proc, usage);
      |              ^
./Processor/OnlineMachine.hpp:193:70: note: in instantiation of member function 'Machine<MaliciousShamirShare<gfp_<0, 4>>, MaliciousShamirShare<gf2n_long>>::run' requested here
  193 |         Machine<T, U>(playerNames, use_encryption, online_opts, lg2).run(
      |                                                                      ^
./Processor/FieldMachine.hpp:47:20: note: in instantiation of function template specialization 'OnlineMachine::run<MaliciousShamirShare<gfp_<0, 4>>, MaliciousShamirShare<gf2n_long>>' requested here
   47 |     X(1) X(2) X(3) X(4)
      |                    ^
./Processor/FieldMachine.hpp:44:26: note: expanded from macro 'X'
   44 |         machine.template run<T<gfp_<0, L>>, V<X>>(); \
      |                          ^
./Processor/FieldMachine.hpp:29:5: note: in instantiation of member function 'FieldMachine<MaliciousShamirShare, MaliciousShamirShare, HonestMajorityMachine>::FieldMachine' requested here
   29 |     FieldMachine<T, T, V>(argc, argv, opt, online_opts,
      |     ^
Machines/ShamirMachine.hpp:100:5: note: in instantiation of member function 'HonestMajorityFieldMachine<MaliciousShamirShare>::HonestMajorityFieldMachine' requested here
  100 |     HonestMajorityFieldMachine<T>(argc, argv, opt, opts.nparties);
      |     ^
Machines/malicious-shamir-party.cpp:14:5: note: in instantiation of member function 'ShamirMachineSpec<MaliciousShamirShare>::ShamirMachineSpec' requested here
   14 |     ShamirMachineSpec<MaliciousShamirShare>(argc, argv);
      |     ^
/Library/Developer/CommandLineTools/SDKs/MacOSX.sdk/usr/include/c++/v1/__variant/monostate.h:38:45: note: candidate function not viable: no known conversion from 'typename MaliciousShamirShare<gfp_<0, 4>>::clear' (aka 'gfp_<0, 4>') to 'monostate' for 1st argument
   38 | _LIBCPP_HIDE_FROM_ABI inline constexpr bool operator!=(monostate, monostate) noexcept { return false; }
      |                                             ^          ~~~~~~~~~
/Library/Developer/CommandLineTools/SDKs/MacOSX.sdk/usr/include/c++/v1/__system_error/error_condition.h:102:35: note: candidate function not viable: no known conversion from 'typename MaliciousShamirShare<gfp_<0, 4>>::clear' (aka 'gfp_<0, 4>') to 'const error_condition' for 1st argument
  102 | inline _LIBCPP_HIDE_FROM_ABI bool operator!=(const error_condition& __x, const error_condition& __y) _NOEXCEPT {
      |                                   ^          ~~~~~~~~~~~~~~~~~~~~~~~~~~
/Library/Developer/CommandLineTools/SDKs/MacOSX.sdk/usr/include/c++/v1/__system_error/error_code.h:108:35: note: candidate function not viable: no known conversion from 'typename MaliciousShamirShare<gfp_<0, 4>>::clear' (aka 'gfp_<0, 4>') to 'const error_code' for 1st argument
  108 | inline _LIBCPP_HIDE_FROM_ABI bool operator!=(const error_code& __x, const error_code& __y) _NOEXCEPT {
      |                                   ^          ~~~~~~~~~~~~~~~~~~~~~
/Library/Developer/CommandLineTools/SDKs/MacOSX.sdk/usr/include/c++/v1/__system_error/error_code.h:112:35: note: candidate function not viable: no known conversion from 'typename MaliciousShamirShare<gfp_<0, 4>>::clear' (aka 'gfp_<0, 4>') to 'const error_code' for 1st argument
  112 | inline _LIBCPP_HIDE_FROM_ABI bool operator!=(const error_code& __x, const error_condition& __y) _NOEXCEPT {
      |                                   ^          ~~~~~~~~~~~~~~~~~~~~~
/Library/Developer/CommandLineTools/SDKs/MacOSX.sdk/usr/include/c++/v1/__system_error/error_code.h:116:35: note: candidate function not viable: no known conversion from 'typename MaliciousShamirShare<gfp_<0, 4>>::clear' (aka 'gfp_<0, 4>') to 'const error_condition' for 1st argument
  116 | inline _LIBCPP_HIDE_FROM_ABI bool operator!=(const error_condition& __x, const error_code& __y) _NOEXCEPT {
      |                                   ^          ~~~~~~~~~~~~~~~~~~~~~~~~~~
/Library/Developer/CommandLineTools/SDKs/MacOSX.sdk/usr/include/c++/v1/__thread/id.h:89:35: note: candidate function not viable: no known conversion from 'typename MaliciousShamirShare<gfp_<0, 4>>::clear' (aka 'gfp_<0, 4>') to '__thread_id' for 1st argument
   89 | inline _LIBCPP_HIDE_FROM_ABI bool operator!=(__thread_id __x, __thread_id __y) _NOEXCEPT { return !(__x == __y); }
      |                                   ^          ~~~~~~~~~~~~~~~
/Library/Developer/CommandLineTools/SDKs/MacOSX.sdk/usr/include/c++/v1/__utility/pair.h:512:1: note: candidate template ignored: could not match 'pair' against 'gfp_'
  512 | operator!=(const pair<_T1, _T2>& __x, const pair<_U1, _U2>& __y) {
      | ^
/Library/Developer/CommandLineTools/SDKs/MacOSX.sdk/usr/include/c++/v1/__iterator/reverse_iterator.h:230:1: note: candidate template ignored: could not match 'reverse_iterator' against 'gfp_'
  230 | operator!=(const reverse_iterator<_Iter1>& __x, const reverse_iterator<_Iter2>& __y)
      | ^
/Library/Developer/CommandLineTools/SDKs/MacOSX.sdk/usr/include/c++/v1/__iterator/wrap_iter.h:140:1: note: candidate template ignored: could not match '__wrap_iter' against 'gfp_'
  140 | operator!=(const __wrap_iter<_Iter1>& __x, const __wrap_iter<_Iter1>& __y) _NOEXCEPT {
      | ^
/Library/Developer/CommandLineTools/SDKs/MacOSX.sdk/usr/include/c++/v1/__iterator/wrap_iter.h:146:1: note: candidate template ignored: could not match '__wrap_iter' against 'gfp_'
  146 | operator!=(const __wrap_iter<_Iter1>& __x, const __wrap_iter<_Iter2>& __y) _NOEXCEPT {
      | ^
/Library/Developer/CommandLineTools/SDKs/MacOSX.sdk/usr/include/c++/v1/string_view:762:1: note: candidate template ignored: could not match 'basic_string_view' against 'gfp_'
  762 | operator!=(basic_string_view<_CharT, _Traits> __lhs, basic_string_view<_CharT, _Traits> __rhs) _NOEXCEPT {
      | ^
/Library/Developer/CommandLineTools/SDKs/MacOSX.sdk/usr/include/c++/v1/string_view:770:1: note: candidate template ignored: could not match 'basic_string_view' against 'gfp_'
  770 | operator!=(basic_string_view<_CharT, _Traits> __lhs,
      | ^
/Library/Developer/CommandLineTools/SDKs/MacOSX.sdk/usr/include/c++/v1/string_view:779:1: note: candidate template ignored: could not match 'basic_string_view<_CharT, _Traits>' against 'int128'
  779 | operator!=(__type_identity_t<basic_string_view<_CharT, _Traits> > __lhs,
      | ^
/Library/Developer/CommandLineTools/SDKs/MacOSX.sdk/usr/include/c++/v1/optional:999:1: note: candidate template ignored: could not match 'optional' against 'gfp_'
  999 | operator!=(const optional<_Tp>& __x, const optional<_Up>& __y) {
      | ^
/Library/Developer/CommandLineTools/SDKs/MacOSX.sdk/usr/include/c++/v1/optional:1081:38: note: candidate template ignored: could not match 'optional' against 'gfp_'
 1081 | _LIBCPP_HIDE_FROM_ABI constexpr bool operator!=(const optional<_Tp>& __x, nullopt_t) noexcept {
      |                                      ^
/Library/Developer/CommandLineTools/SDKs/MacOSX.sdk/usr/include/c++/v1/optional:1086:38: note: candidate template ignored: could not match 'optional<_Tp>' against 'int128'
 1086 | _LIBCPP_HIDE_FROM_ABI constexpr bool operator!=(nullopt_t, const optional<_Tp>& __x) noexcept {
      |                                      ^
/Library/Developer/CommandLineTools/SDKs/MacOSX.sdk/usr/include/c++/v1/optional:1160:1: note: candidate template ignored: could not match 'optional' against 'gfp_'
 1160 | operator!=(const optional<_Tp>& __x, const _Up& __v) {
      | ^
/Library/Developer/CommandLineTools/SDKs/MacOSX.sdk/usr/include/c++/v1/optional:1168:1: note: candidate template ignored: could not match 'optional<_Up>' against 'int128'
 1168 | operator!=(const _Tp& __v, const optional<_Up>& __x) {
      | ^
/Library/Developer/CommandLineTools/SDKs/MacOSX.sdk/usr/include/c++/v1/__iterator/istream_iterator.h:93:35: note: candidate template ignored: could not match 'istream_iterator' against 'gfp_'
   93 | inline _LIBCPP_HIDE_FROM_ABI bool operator!=(const istream_iterator<_Tp, _CharT, _Traits, _Distance>& __x,
      |                                   ^
/Library/Developer/CommandLineTools/SDKs/MacOSX.sdk/usr/include/c++/v1/__iterator/istreambuf_iterator.h:102:1: note: candidate template ignored: could not match 'istreambuf_iterator' against 'gfp_'
  102 | operator!=(const istreambuf_iterator<_CharT, _Traits>& __a, const istreambuf_iterator<_CharT, _Traits>& __b) {
      | ^
/Library/Developer/CommandLineTools/SDKs/MacOSX.sdk/usr/include/c++/v1/__iterator/move_iterator.h:262:1: note: candidate template ignored: could not match 'move_iterator' against 'gfp_'
  262 | operator!=(const move_iterator<_Iter1>& __x, const move_iterator<_Iter2>& __y) {
      | ^
/Library/Developer/CommandLineTools/SDKs/MacOSX.sdk/usr/include/c++/v1/variant:1500:38: note: candidate template ignored: could not match 'variant' against 'gfp_'
 1500 | _LIBCPP_HIDE_FROM_ABI constexpr bool operator!=(const variant<_Types...>& __lhs, const variant<_Types...>& __rhs) {
      |                                      ^
/Library/Developer/CommandLineTools/SDKs/MacOSX.sdk/usr/include/c++/v1/tuple:1179:1: note: candidate template ignored: could not match 'tuple' against 'gfp_'
 1179 | operator!=(const tuple<_Tp...>& __x, const tuple<_Up...>& __y) {
      | ^
/Library/Developer/CommandLineTools/SDKs/MacOSX.sdk/usr/include/c++/v1/__memory/allocator.h:260:35: note: candidate template ignored: could not match 'allocator' against 'gfp_'
  260 | inline _LIBCPP_HIDE_FROM_ABI bool operator!=(const allocator<_Tp>&, const allocator<_Up>&) _NOEXCEPT {
      |                                   ^
/Library/Developer/CommandLineTools/SDKs/MacOSX.sdk/usr/include/c++/v1/__memory/unique_ptr.h:503:35: note: candidate template ignored: could not match 'unique_ptr' against 'gfp_'
  503 | inline _LIBCPP_HIDE_FROM_ABI bool operator!=(const unique_ptr<_T1, _D1>& __x, const unique_ptr<_T2, _D2>& __y) {
      |                                   ^
/Library/Developer/CommandLineTools/SDKs/MacOSX.sdk/usr/include/c++/v1/__memory/unique_ptr.h:554:35: note: candidate template ignored: could not match 'unique_ptr' against 'gfp_'
  554 | inline _LIBCPP_HIDE_FROM_ABI bool operator!=(const unique_ptr<_T1, _D1>& __x, nullptr_t) _NOEXCEPT {
      |                                   ^
/Library/Developer/CommandLineTools/SDKs/MacOSX.sdk/usr/include/c++/v1/__memory/unique_ptr.h:559:35: note: candidate template ignored: could not match 'unique_ptr<_T1, _D1>' against 'int128'
  559 | inline _LIBCPP_HIDE_FROM_ABI bool operator!=(nullptr_t, const unique_ptr<_T1, _D1>& __x) _NOEXCEPT {
      |                                   ^
/Library/Developer/CommandLineTools/SDKs/MacOSX.sdk/usr/include/c++/v1/__memory/shared_ptr.h:1132:35: note: candidate template ignored: could not match 'shared_ptr' against 'gfp_'
 1132 | inline _LIBCPP_HIDE_FROM_ABI bool operator!=(const shared_ptr<_Tp>& __x, const shared_ptr<_Up>& __y) _NOEXCEPT {
      |                                   ^
/Library/Developer/CommandLineTools/SDKs/MacOSX.sdk/usr/include/c++/v1/__memory/shared_ptr.h:1183:35: note: candidate template ignored: could not match 'shared_ptr' against 'gfp_'
 1183 | inline _LIBCPP_HIDE_FROM_ABI bool operator!=(const shared_ptr<_Tp>& __x, nullptr_t) _NOEXCEPT {
      |                                   ^
/Library/Developer/CommandLineTools/SDKs/MacOSX.sdk/usr/include/c++/v1/__memory/shared_ptr.h:1188:35: note: candidate template ignored: could not match 'shared_ptr<_Tp>' against 'int128'
 1188 | inline _LIBCPP_HIDE_FROM_ABI bool operator!=(nullptr_t, const shared_ptr<_Tp>& __x) _NOEXCEPT {
      |                                   ^
/Library/Developer/CommandLineTools/SDKs/MacOSX.sdk/usr/include/c++/v1/__ios/fpos.h:70:35: note: candidate template ignored: could not match 'fpos' against 'gfp_'
   70 | inline _LIBCPP_HIDE_FROM_ABI bool operator!=(const fpos<_StateT>& __x, const fpos<_StateT>& __y) {
      |                                   ^
/Library/Developer/CommandLineTools/SDKs/MacOSX.sdk/usr/include/c++/v1/string:3888:35: note: candidate template ignored: could not match 'basic_string' against 'gfp_'
 3888 | inline _LIBCPP_HIDE_FROM_ABI bool operator!=(const basic_string<_CharT, _Traits, _Allocator>& __lhs,
      |                                   ^
/Library/Developer/CommandLineTools/SDKs/MacOSX.sdk/usr/include/c++/v1/string:3895:1: note: candidate template ignored: could not match 'const _CharT *' against 'typename MaliciousShamirShare<gfp_<0, 4>>::clear' (aka 'gfp_<0, 4>')
 3895 | operator!=(const _CharT* __lhs, const basic_string<_CharT, _Traits, _Allocator>& __rhs) _NOEXCEPT {
      | ^
/Library/Developer/CommandLineTools/SDKs/MacOSX.sdk/usr/include/c++/v1/string:3901:1: note: candidate template ignored: could not match 'basic_string' against 'gfp_'
 3901 | operator!=(const basic_string<_CharT, _Traits, _Allocator>& __lhs, const _CharT* __rhs) _NOEXCEPT {
      | ^
/Library/Developer/CommandLineTools/SDKs/MacOSX.sdk/usr/include/c++/v1/array:396:35: note: candidate template ignored: could not match 'array' against 'gfp_'
  396 | inline _LIBCPP_HIDE_FROM_ABI bool operator!=(const array<_Tp, _Size>& __x, const array<_Tp, _Size>& __y) {
      |                                   ^
/Library/Developer/CommandLineTools/SDKs/MacOSX.sdk/usr/include/c++/v1/vector:2915:35: note: candidate template ignored: could not match 'vector' against 'gfp_'
 2915 | inline _LIBCPP_HIDE_FROM_ABI bool operator!=(const vector<_Tp, _Allocator>& __x, const vector<_Tp, _Allocator>& __y) {
      |                                   ^
/Library/Developer/CommandLineTools/SDKs/MacOSX.sdk/usr/include/c++/v1/list:1659:35: note: candidate template ignored: could not match 'list' against 'gfp_'
 1659 | inline _LIBCPP_HIDE_FROM_ABI bool operator!=(const list<_Tp, _Alloc>& __x, const list<_Tp, _Alloc>& __y) {
      |                                   ^
/Library/Developer/CommandLineTools/SDKs/MacOSX.sdk/usr/include/c++/v1/__functional/function.h:1026:35: note: candidate template ignored: could not match 'function' against 'gfp_'
 1026 | inline _LIBCPP_HIDE_FROM_ABI bool operator!=(const function<_Rp(_ArgTypes...)>& __f, nullptr_t) _NOEXCEPT {
      |                                   ^
/Library/Developer/CommandLineTools/SDKs/MacOSX.sdk/usr/include/c++/v1/__functional/function.h:1031:35: note: candidate template ignored: could not match 'function<_Rp (_ArgTypes...)>' against 'int128'
 1031 | inline _LIBCPP_HIDE_FROM_ABI bool operator!=(nullptr_t, const function<_Rp(_ArgTypes...)>& __f) _NOEXCEPT {
      |                                   ^
/Library/Developer/CommandLineTools/SDKs/MacOSX.sdk/usr/include/c++/v1/unordered_map:1819:35: note: candidate template ignored: could not match 'unordered_map' against 'gfp_'
 1819 | inline _LIBCPP_HIDE_FROM_ABI bool operator!=(const unordered_map<_Key, _Tp, _Hash, _Pred, _Alloc>& __x,
      |                                   ^
/Library/Developer/CommandLineTools/SDKs/MacOSX.sdk/usr/include/c++/v1/unordered_map:2509:35: note: candidate template ignored: could not match 'unordered_multimap' against 'gfp_'
 2509 | inline _LIBCPP_HIDE_FROM_ABI bool operator!=(const unordered_multimap<_Key, _Tp, _Hash, _Pred, _Alloc>& __x,
      |                                   ^
/Library/Developer/CommandLineTools/SDKs/MacOSX.sdk/usr/include/c++/v1/map:1593:1: note: candidate template ignored: could not match 'map' against 'gfp_'
 1593 | operator!=(const map<_Key, _Tp, _Compare, _Allocator>& __x, const map<_Key, _Tp, _Compare, _Allocator>& __y) {
      | ^
/Library/Developer/CommandLineTools/SDKs/MacOSX.sdk/usr/include/c++/v1/map:2106:1: note: candidate template ignored: could not match 'multimap' against 'gfp_'
 2106 | operator!=(const multimap<_Key, _Tp, _Compare, _Allocator>& __x, const multimap<_Key, _Tp, _Compare, _Allocator>& __y) {
      | ^
/Library/Developer/CommandLineTools/SDKs/MacOSX.sdk/usr/include/c++/v1/deque:2530:35: note: candidate template ignored: could not match 'deque' against 'gfp_'
 2530 | inline _LIBCPP_HIDE_FROM_ABI bool operator!=(const deque<_Tp, _Allocator>& __x, const deque<_Tp, _Allocator>& __y) {
      |                                   ^
/Library/Developer/CommandLineTools/SDKs/MacOSX.sdk/usr/include/c++/v1/queue:473:35: note: candidate template ignored: could not match 'queue' against 'gfp_'
  473 | inline _LIBCPP_HIDE_FROM_ABI bool operator!=(const queue<_Tp, _Container>& __x, const queue<_Tp, _Container>& __y) {
      |                                   ^
/Library/Developer/CommandLineTools/SDKs/MacOSX.sdk/usr/include/c++/v1/stack:329:35: note: candidate template ignored: could not match 'stack' against 'gfp_'
  329 | inline _LIBCPP_HIDE_FROM_ABI bool operator!=(const stack<_Tp, _Container>& __x, const stack<_Tp, _Container>& __y) {
      |                                   ^
/Library/Developer/CommandLineTools/SDKs/MacOSX.sdk/usr/include/c++/v1/set:969:1: note: candidate template ignored: could not match 'set' against 'gfp_'
  969 | operator!=(const set<_Key, _Compare, _Allocator>& __x, const set<_Key, _Compare, _Allocator>& __y) {
      | ^
/Library/Developer/CommandLineTools/SDKs/MacOSX.sdk/usr/include/c++/v1/set:1428:1: note: candidate template ignored: could not match 'multiset' against 'gfp_'
 1428 | operator!=(const multiset<_Key, _Compare, _Allocator>& __x, const multiset<_Key, _Compare, _Allocator>& __y) {
      | ^
/opt/homebrew/include/gmpxx.h:3340:41: note: candidate template ignored: could not match '__gmp_expr' against 'gfp_'
 3340 | __GMP_DEFINE_BINARY_TYPE_FUNCTION(bool, operator!=, ! __gmp_binary_equal)
      |                                         ^
/opt/homebrew/include/gmpxx.h:3340:41: note: candidate template ignored: could not match '__gmp_expr' against 'gfp_'
/opt/homebrew/include/gmpxx.h:3340:41: note: candidate template ignored: could not match '__gmp_expr<T, U>' against 'int128'
/opt/homebrew/include/gmpxx.h:3340:41: note: candidate template ignored: could not match '__gmp_expr' against 'gfp_'
/opt/homebrew/include/gmpxx.h:3340:41: note: candidate template ignored: could not match '__gmp_expr<T, U>' against 'int128'
/opt/homebrew/include/gmpxx.h:3340:41: note: candidate template ignored: could not match '__gmp_expr' against 'gfp_'
/opt/homebrew/include/gmpxx.h:3340:41: note: candidate template ignored: could not match '__gmp_expr<T, U>' against 'int128'
/opt/homebrew/include/gmpxx.h:3340:41: note: candidate template ignored: could not match '__gmp_expr' against 'gfp_'
/opt/homebrew/include/gmpxx.h:3340:41: note: candidate template ignored: could not match '__gmp_expr<T, U>' against 'int128'
/opt/homebrew/include/gmpxx.h:3340:41: note: candidate template ignored: could not match '__gmp_expr' against 'gfp_'
/opt/homebrew/include/gmpxx.h:3340:41: note: candidate template ignored: could not match '__gmp_expr<T, U>' against 'int128'
/opt/homebrew/include/gmpxx.h:3340:41: note: candidate template ignored: could not match '__gmp_expr' against 'gfp_'
/opt/homebrew/include/gmpxx.h:3340:41: note: candidate template ignored: could not match '__gmp_expr<T, U>' against 'int128'
/opt/homebrew/include/gmpxx.h:3340:41: note: candidate template ignored: could not match '__gmp_expr' against 'gfp_'
/opt/homebrew/include/gmpxx.h:3340:41: note: candidate template ignored: could not match '__gmp_expr<T, U>' against 'int128'
/opt/homebrew/include/gmpxx.h:3340:41: note: candidate template ignored: could not match '__gmp_expr' against 'gfp_'
/opt/homebrew/include/gmpxx.h:3340:41: note: candidate template ignored: could not match '__gmp_expr<T, U>' against 'int128'
/opt/homebrew/include/gmpxx.h:3340:41: note: candidate template ignored: could not match '__gmp_expr' against 'gfp_'
/opt/homebrew/include/gmpxx.h:3340:41: note: candidate template ignored: could not match '__gmp_expr<T, U>' against 'int128'
/opt/homebrew/include/gmpxx.h:3340:41: note: candidate template ignored: could not match '__gmp_expr' against 'gfp_'
/opt/homebrew/include/gmpxx.h:3340:41: note: candidate template ignored: could not match '__gmp_expr<T, U>' against 'int128'
/Library/Developer/CommandLineTools/SDKs/MacOSX.sdk/usr/include/c++/v1/forward_list:1489:1: note: candidate template ignored: could not match 'forward_list' against 'gfp_'
 1489 | operator!=(const forward_list<_Tp, _Alloc>& __x, const forward_list<_Tp, _Alloc>& __y) {
      | ^
./Math/gfp.h:186:8: note: candidate function not viable: no known conversion from 'int128' to 'const gfp_<0, 4>' for 1st argument
  186 |   bool operator!=(const gfp_& y) const { return !equal(y); }
      |        ^          ~~~~~~~~~~~~~
In file included from Machines/malicious-shamir-party.cpp:8:
In file included from ./Machines/MalRep.hpp:9:
In file included from ./Protocols/MalRepRingPrep.hpp:15:
./Protocols/ShuffleSacrifice.hpp:120:42: error: invalid operands to binary expression ('typename MaliciousShamirShare<gfp_<0, 4>>::clear' (aka 'gfp_<0, 4>') and 'int128')
  120 |         if (typename T::clear(opened[i]) != bits[i].get())
      |             ~~~~~~~~~~~~~~~~~~~~~~~~~~~~ ^  ~~~~~~~~~~~~~
./Protocols/MaliciousRingPrep.hpp:55:27: note: in instantiation of member function 'DabitShuffleSacrifice<MaliciousShamirShare<gfp_<0, 4>>>::dabit_sacrifice' requested here
   55 |         shuffle_sacrifice.dabit_sacrifice(this->dabits, check_dabits, *this->proc,
      |                           ^
./Protocols/MaliciousRingPrep.hpp:18:5: note: in instantiation of function template specialization 'MaliciousDabitOnlyPrep<MaliciousShamirShare<gfp_<0, 4>>>::buffer_dabits<0>' requested here
   18 |     buffer_dabits<0>(queues, T::clear::characteristic_two,
      |     ^
./Protocols/MaliciousRepPrep.hpp:44:30: note: in instantiation of member function 'MaliciousDabitOnlyPrep<MaliciousShamirShare<gfp_<0, 4>>>::buffer_dabits' requested here
   44 | MaliciousRepPrepWithBits<T>::MaliciousRepPrepWithBits(SubProcessor<T>* proc,
      |                              ^
./Processor/Data_Files.hpp:16:14: note: in instantiation of member function 'MaliciousRepPrepWithBits<MaliciousShamirShare<gfp_<0, 4>>>::MaliciousRepPrepWithBits' requested here
   16 |   return new typename T::LivePrep(proc, usage);
      |              ^
./Processor/Data_Files.hpp:26:12: note: in instantiation of member function 'Preprocessing<MaliciousShamirShare<gfp_<0, 4>>>::get_live_prep' requested here
   26 |     return get_live_prep(proc, usage);
      |            ^
./Processor/Data_Files.hpp:153:34: note: (skipping 2 contexts in backtrace; use -ftemplate-backtrace-limit=0 to see all)
  153 |     DataFp(*Preprocessing<sint>::get_new(machine, usage, procp)),
      |                                  ^
./Processor/OnlineMachine.hpp:193:70: note: in instantiation of member function 'Machine<MaliciousShamirShare<gfp_<0, 4>>, MaliciousShamirShare<gf2n_long>>::run' requested here
  193 |         Machine<T, U>(playerNames, use_encryption, online_opts, lg2).run(
      |                                                                      ^
./Processor/FieldMachine.hpp:47:20: note: in instantiation of function template specialization 'OnlineMachine::run<MaliciousShamirShare<gfp_<0, 4>>, MaliciousShamirShare<gf2n_long>>' requested here
   47 |     X(1) X(2) X(3) X(4)
      |                    ^
./Processor/FieldMachine.hpp:44:26: note: expanded from macro 'X'
   44 |         machine.template run<T<gfp_<0, L>>, V<X>>(); \
      |                          ^
./Processor/FieldMachine.hpp:29:5: note: in instantiation of member function 'FieldMachine<MaliciousShamirShare, MaliciousShamirShare, HonestMajorityMachine>::FieldMachine' requested here
   29 |     FieldMachine<T, T, V>(argc, argv, opt, online_opts,
      |     ^
Machines/ShamirMachine.hpp:100:5: note: in instantiation of member function 'HonestMajorityFieldMachine<MaliciousShamirShare>::HonestMajorityFieldMachine' requested here
  100 |     HonestMajorityFieldMachine<T>(argc, argv, opt, opts.nparties);
      |     ^
Machines/malicious-shamir-party.cpp:14:5: note: in instantiation of member function 'ShamirMachineSpec<MaliciousShamirShare>::ShamirMachineSpec' requested here
   14 |     ShamirMachineSpec<MaliciousShamirShare>(argc, argv);
      |     ^
/Library/Developer/CommandLineTools/SDKs/MacOSX.sdk/usr/include/c++/v1/__variant/monostate.h:38:45: note: candidate function not viable: no known conversion from 'typename MaliciousShamirShare<gfp_<0, 4>>::clear' (aka 'gfp_<0, 4>') to 'monostate' for 1st argument
   38 | _LIBCPP_HIDE_FROM_ABI inline constexpr bool operator!=(monostate, monostate) noexcept { return false; }
      |                                             ^          ~~~~~~~~~
/Library/Developer/CommandLineTools/SDKs/MacOSX.sdk/usr/include/c++/v1/__system_error/error_condition.h:102:35: note: candidate function not viable: no known conversion from 'typename MaliciousShamirShare<gfp_<0, 4>>::clear' (aka 'gfp_<0, 4>') to 'const error_condition' for 1st argument
  102 | inline _LIBCPP_HIDE_FROM_ABI bool operator!=(const error_condition& __x, const error_condition& __y) _NOEXCEPT {
      |                                   ^          ~~~~~~~~~~~~~~~~~~~~~~~~~~
/Library/Developer/CommandLineTools/SDKs/MacOSX.sdk/usr/include/c++/v1/__system_error/error_code.h:108:35: note: candidate function not viable: no known conversion from 'typename MaliciousShamirShare<gfp_<0, 4>>::clear' (aka 'gfp_<0, 4>') to 'const error_code' for 1st argument
  108 | inline _LIBCPP_HIDE_FROM_ABI bool operator!=(const error_code& __x, const error_code& __y) _NOEXCEPT {
      |                                   ^          ~~~~~~~~~~~~~~~~~~~~~
/Library/Developer/CommandLineTools/SDKs/MacOSX.sdk/usr/include/c++/v1/__system_error/error_code.h:112:35: note: candidate function not viable: no known conversion from 'typename MaliciousShamirShare<gfp_<0, 4>>::clear' (aka 'gfp_<0, 4>') to 'const error_code' for 1st argument
  112 | inline _LIBCPP_HIDE_FROM_ABI bool operator!=(const error_code& __x, const error_condition& __y) _NOEXCEPT {
      |                                   ^          ~~~~~~~~~~~~~~~~~~~~~
/Library/Developer/CommandLineTools/SDKs/MacOSX.sdk/usr/include/c++/v1/__system_error/error_code.h:116:35: note: candidate function not viable: no known conversion from 'typename MaliciousShamirShare<gfp_<0, 4>>::clear' (aka 'gfp_<0, 4>') to 'const error_condition' for 1st argument
  116 | inline _LIBCPP_HIDE_FROM_ABI bool operator!=(const error_condition& __x, const error_code& __y) _NOEXCEPT {
      |                                   ^          ~~~~~~~~~~~~~~~~~~~~~~~~~~
/Library/Developer/CommandLineTools/SDKs/MacOSX.sdk/usr/include/c++/v1/__thread/id.h:89:35: note: candidate function not viable: no known conversion from 'typename MaliciousShamirShare<gfp_<0, 4>>::clear' (aka 'gfp_<0, 4>') to '__thread_id' for 1st argument
   89 | inline _LIBCPP_HIDE_FROM_ABI bool operator!=(__thread_id __x, __thread_id __y) _NOEXCEPT { return !(__x == __y); }
      |                                   ^          ~~~~~~~~~~~~~~~
/Library/Developer/CommandLineTools/SDKs/MacOSX.sdk/usr/include/c++/v1/__utility/pair.h:512:1: note: candidate template ignored: could not match 'pair' against 'MaliciousShamirShare<gfp_<0, 4> >::gfp_'
  512 | operator!=(const pair<_T1, _T2>& __x, const pair<_U1, _U2>& __y) {
      | ^
/Library/Developer/CommandLineTools/SDKs/MacOSX.sdk/usr/include/c++/v1/__iterator/reverse_iterator.h:230:1: note: candidate template ignored: could not match 'reverse_iterator' against 'MaliciousShamirShare<gfp_<0, 4> >::gfp_'
  230 | operator!=(const reverse_iterator<_Iter1>& __x, const reverse_iterator<_Iter2>& __y)
      | ^
/Library/Developer/CommandLineTools/SDKs/MacOSX.sdk/usr/include/c++/v1/__iterator/wrap_iter.h:140:1: note: candidate template ignored: could not match '__wrap_iter' against 'MaliciousShamirShare<gfp_<0, 4> >::gfp_'
  140 | operator!=(const __wrap_iter<_Iter1>& __x, const __wrap_iter<_Iter1>& __y) _NOEXCEPT {
      | ^
/Library/Developer/CommandLineTools/SDKs/MacOSX.sdk/usr/include/c++/v1/__iterator/wrap_iter.h:146:1: note: candidate template ignored: could not match '__wrap_iter' against 'MaliciousShamirShare<gfp_<0, 4> >::gfp_'
  146 | operator!=(const __wrap_iter<_Iter1>& __x, const __wrap_iter<_Iter2>& __y) _NOEXCEPT {
      | ^
/Library/Developer/CommandLineTools/SDKs/MacOSX.sdk/usr/include/c++/v1/string_view:762:1: note: candidate template ignored: could not match 'basic_string_view' against 'MaliciousShamirShare<gfp_<0, 4> >::gfp_'
  762 | operator!=(basic_string_view<_CharT, _Traits> __lhs, basic_string_view<_CharT, _Traits> __rhs) _NOEXCEPT {
      | ^
/Library/Developer/CommandLineTools/SDKs/MacOSX.sdk/usr/include/c++/v1/string_view:770:1: note: candidate template ignored: could not match 'basic_string_view' against 'MaliciousShamirShare<gfp_<0, 4> >::gfp_'
  770 | operator!=(basic_string_view<_CharT, _Traits> __lhs,
      | ^
/Library/Developer/CommandLineTools/SDKs/MacOSX.sdk/usr/include/c++/v1/string_view:779:1: note: candidate template ignored: could not match 'basic_string_view<_CharT, _Traits>' against 'int128'
  779 | operator!=(__type_identity_t<basic_string_view<_CharT, _Traits> > __lhs,
      | ^
/Library/Developer/CommandLineTools/SDKs/MacOSX.sdk/usr/include/c++/v1/optional:999:1: note: candidate template ignored: could not match 'optional' against 'MaliciousShamirShare<gfp_<0, 4> >::gfp_'
  999 | operator!=(const optional<_Tp>& __x, const optional<_Up>& __y) {
      | ^
/Library/Developer/CommandLineTools/SDKs/MacOSX.sdk/usr/include/c++/v1/optional:1081:38: note: candidate template ignored: could not match 'optional' against 'MaliciousShamirShare<gfp_<0, 4> >::gfp_'
 1081 | _LIBCPP_HIDE_FROM_ABI constexpr bool operator!=(const optional<_Tp>& __x, nullopt_t) noexcept {
      |                                      ^
/Library/Developer/CommandLineTools/SDKs/MacOSX.sdk/usr/include/c++/v1/optional:1086:38: note: candidate template ignored: could not match 'optional<_Tp>' against 'int128'
 1086 | _LIBCPP_HIDE_FROM_ABI constexpr bool operator!=(nullopt_t, const optional<_Tp>& __x) noexcept {
      |                                      ^
/Library/Developer/CommandLineTools/SDKs/MacOSX.sdk/usr/include/c++/v1/optional:1160:1: note: candidate template ignored: could not match 'optional' against 'MaliciousShamirShare<gfp_<0, 4> >::gfp_'
 1160 | operator!=(const optional<_Tp>& __x, const _Up& __v) {
      | ^
/Library/Developer/CommandLineTools/SDKs/MacOSX.sdk/usr/include/c++/v1/optional:1168:1: note: candidate template ignored: could not match 'optional<_Up>' against 'int128'
 1168 | operator!=(const _Tp& __v, const optional<_Up>& __x) {
      | ^
/Library/Developer/CommandLineTools/SDKs/MacOSX.sdk/usr/include/c++/v1/__iterator/istream_iterator.h:93:35: note: candidate template ignored: could not match 'istream_iterator' against 'MaliciousShamirShare<gfp_<0, 4> >::gfp_'
   93 | inline _LIBCPP_HIDE_FROM_ABI bool operator!=(const istream_iterator<_Tp, _CharT, _Traits, _Distance>& __x,
      |                                   ^
/Library/Developer/CommandLineTools/SDKs/MacOSX.sdk/usr/include/c++/v1/__iterator/istreambuf_iterator.h:102:1: note: candidate template ignored: could not match 'istreambuf_iterator' against 'MaliciousShamirShare<gfp_<0, 4> >::gfp_'
  102 | operator!=(const istreambuf_iterator<_CharT, _Traits>& __a, const istreambuf_iterator<_CharT, _Traits>& __b) {
      | ^
/Library/Developer/CommandLineTools/SDKs/MacOSX.sdk/usr/include/c++/v1/__iterator/move_iterator.h:262:1: note: candidate template ignored: could not match 'move_iterator' against 'MaliciousShamirShare<gfp_<0, 4> >::gfp_'
  262 | operator!=(const move_iterator<_Iter1>& __x, const move_iterator<_Iter2>& __y) {
      | ^
/Library/Developer/CommandLineTools/SDKs/MacOSX.sdk/usr/include/c++/v1/variant:1500:38: note: candidate template ignored: could not match 'variant' against 'MaliciousShamirShare<gfp_<0, 4> >::gfp_'
 1500 | _LIBCPP_HIDE_FROM_ABI constexpr bool operator!=(const variant<_Types...>& __lhs, const variant<_Types...>& __rhs) {
      |                                      ^
/Library/Developer/CommandLineTools/SDKs/MacOSX.sdk/usr/include/c++/v1/tuple:1179:1: note: candidate template ignored: could not match 'tuple' against 'MaliciousShamirShare<gfp_<0, 4> >::gfp_'
 1179 | operator!=(const tuple<_Tp...>& __x, const tuple<_Up...>& __y) {
      | ^
/Library/Developer/CommandLineTools/SDKs/MacOSX.sdk/usr/include/c++/v1/__memory/allocator.h:260:35: note: candidate template ignored: could not match 'allocator' against 'MaliciousShamirShare<gfp_<0, 4> >::gfp_'
  260 | inline _LIBCPP_HIDE_FROM_ABI bool operator!=(const allocator<_Tp>&, const allocator<_Up>&) _NOEXCEPT {
      |                                   ^
/Library/Developer/CommandLineTools/SDKs/MacOSX.sdk/usr/include/c++/v1/__memory/unique_ptr.h:503:35: note: candidate template ignored: could not match 'unique_ptr' against 'MaliciousShamirShare<gfp_<0, 4> >::gfp_'
  503 | inline _LIBCPP_HIDE_FROM_ABI bool operator!=(const unique_ptr<_T1, _D1>& __x, const unique_ptr<_T2, _D2>& __y) {
      |                                   ^
/Library/Developer/CommandLineTools/SDKs/MacOSX.sdk/usr/include/c++/v1/__memory/unique_ptr.h:554:35: note: candidate template ignored: could not match 'unique_ptr' against 'MaliciousShamirShare<gfp_<0, 4> >::gfp_'
  554 | inline _LIBCPP_HIDE_FROM_ABI bool operator!=(const unique_ptr<_T1, _D1>& __x, nullptr_t) _NOEXCEPT {
      |                                   ^
/Library/Developer/CommandLineTools/SDKs/MacOSX.sdk/usr/include/c++/v1/__memory/unique_ptr.h:559:35: note: candidate template ignored: could not match 'unique_ptr<_T1, _D1>' against 'int128'
  559 | inline _LIBCPP_HIDE_FROM_ABI bool operator!=(nullptr_t, const unique_ptr<_T1, _D1>& __x) _NOEXCEPT {
      |                                   ^
/Library/Developer/CommandLineTools/SDKs/MacOSX.sdk/usr/include/c++/v1/__memory/shared_ptr.h:1132:35: note: candidate template ignored: could not match 'shared_ptr' against 'MaliciousShamirShare<gfp_<0, 4> >::gfp_'
 1132 | inline _LIBCPP_HIDE_FROM_ABI bool operator!=(const shared_ptr<_Tp>& __x, const shared_ptr<_Up>& __y) _NOEXCEPT {
      |                                   ^
/Library/Developer/CommandLineTools/SDKs/MacOSX.sdk/usr/include/c++/v1/__memory/shared_ptr.h:1183:35: note: candidate template ignored: could not match 'shared_ptr' against 'MaliciousShamirShare<gfp_<0, 4> >::gfp_'
 1183 | inline _LIBCPP_HIDE_FROM_ABI bool operator!=(const shared_ptr<_Tp>& __x, nullptr_t) _NOEXCEPT {
      |                                   ^
/Library/Developer/CommandLineTools/SDKs/MacOSX.sdk/usr/include/c++/v1/__memory/shared_ptr.h:1188:35: note: candidate template ignored: could not match 'shared_ptr<_Tp>' against 'int128'
 1188 | inline _LIBCPP_HIDE_FROM_ABI bool operator!=(nullptr_t, const shared_ptr<_Tp>& __x) _NOEXCEPT {
      |                                   ^
/Library/Developer/CommandLineTools/SDKs/MacOSX.sdk/usr/include/c++/v1/__ios/fpos.h:70:35: note: candidate template ignored: could not match 'fpos' against 'MaliciousShamirShare<gfp_<0, 4> >::gfp_'
   70 | inline _LIBCPP_HIDE_FROM_ABI bool operator!=(const fpos<_StateT>& __x, const fpos<_StateT>& __y) {
      |                                   ^
/Library/Developer/CommandLineTools/SDKs/MacOSX.sdk/usr/include/c++/v1/string:3888:35: note: candidate template ignored: could not match 'basic_string' against 'MaliciousShamirShare<gfp_<0, 4> >::gfp_'
 3888 | inline _LIBCPP_HIDE_FROM_ABI bool operator!=(const basic_string<_CharT, _Traits, _Allocator>& __lhs,
      |                                   ^
/Library/Developer/CommandLineTools/SDKs/MacOSX.sdk/usr/include/c++/v1/string:3895:1: note: candidate template ignored: could not match 'const _CharT *' against 'typename MaliciousShamirShare<gfp_<0, 4>>::clear' (aka 'gfp_<0, 4>')
 3895 | operator!=(const _CharT* __lhs, const basic_string<_CharT, _Traits, _Allocator>& __rhs) _NOEXCEPT {
      | ^
/Library/Developer/CommandLineTools/SDKs/MacOSX.sdk/usr/include/c++/v1/string:3901:1: note: candidate template ignored: could not match 'basic_string' against 'MaliciousShamirShare<gfp_<0, 4> >::gfp_'
 3901 | operator!=(const basic_string<_CharT, _Traits, _Allocator>& __lhs, const _CharT* __rhs) _NOEXCEPT {
      | ^
/Library/Developer/CommandLineTools/SDKs/MacOSX.sdk/usr/include/c++/v1/array:396:35: note: candidate template ignored: could not match 'array' against 'MaliciousShamirShare<gfp_<0, 4> >::gfp_'
  396 | inline _LIBCPP_HIDE_FROM_ABI bool operator!=(const array<_Tp, _Size>& __x, const array<_Tp, _Size>& __y) {
      |                                   ^
/Library/Developer/CommandLineTools/SDKs/MacOSX.sdk/usr/include/c++/v1/vector:2915:35: note: candidate template ignored: could not match 'vector' against 'MaliciousShamirShare<gfp_<0, 4> >::gfp_'
 2915 | inline _LIBCPP_HIDE_FROM_ABI bool operator!=(const vector<_Tp, _Allocator>& __x, const vector<_Tp, _Allocator>& __y) {
      |                                   ^
/Library/Developer/CommandLineTools/SDKs/MacOSX.sdk/usr/include/c++/v1/list:1659:35: note: candidate template ignored: could not match 'list' against 'MaliciousShamirShare<gfp_<0, 4> >::gfp_'
 1659 | inline _LIBCPP_HIDE_FROM_ABI bool operator!=(const list<_Tp, _Alloc>& __x, const list<_Tp, _Alloc>& __y) {
      |                                   ^
/Library/Developer/CommandLineTools/SDKs/MacOSX.sdk/usr/include/c++/v1/__functional/function.h:1026:35: note: candidate template ignored: could not match 'function' against 'MaliciousShamirShare<gfp_<0, 4> >::gfp_'
 1026 | inline _LIBCPP_HIDE_FROM_ABI bool operator!=(const function<_Rp(_ArgTypes...)>& __f, nullptr_t) _NOEXCEPT {
      |                                   ^
/Library/Developer/CommandLineTools/SDKs/MacOSX.sdk/usr/include/c++/v1/__functional/function.h:1031:35: note: candidate template ignored: could not match 'function<_Rp (_ArgTypes...)>' against 'int128'
 1031 | inline _LIBCPP_HIDE_FROM_ABI bool operator!=(nullptr_t, const function<_Rp(_ArgTypes...)>& __f) _NOEXCEPT {
      |                                   ^
/Library/Developer/CommandLineTools/SDKs/MacOSX.sdk/usr/include/c++/v1/unordered_map:1819:35: note: candidate template ignored: could not match 'unordered_map' against 'MaliciousShamirShare<gfp_<0, 4> >::gfp_'
 1819 | inline _LIBCPP_HIDE_FROM_ABI bool operator!=(const unordered_map<_Key, _Tp, _Hash, _Pred, _Alloc>& __x,
      |                                   ^
/Library/Developer/CommandLineTools/SDKs/MacOSX.sdk/usr/include/c++/v1/unordered_map:2509:35: note: candidate template ignored: could not match 'unordered_multimap' against 'MaliciousShamirShare<gfp_<0, 4> >::gfp_'
 2509 | inline _LIBCPP_HIDE_FROM_ABI bool operator!=(const unordered_multimap<_Key, _Tp, _Hash, _Pred, _Alloc>& __x,
      |                                   ^
/Library/Developer/CommandLineTools/SDKs/MacOSX.sdk/usr/include/c++/v1/map:1593:1: note: candidate template ignored: could not match 'map' against 'MaliciousShamirShare<gfp_<0, 4> >::gfp_'
 1593 | operator!=(const map<_Key, _Tp, _Compare, _Allocator>& __x, const map<_Key, _Tp, _Compare, _Allocator>& __y) {
      | ^
/Library/Developer/CommandLineTools/SDKs/MacOSX.sdk/usr/include/c++/v1/map:2106:1: note: candidate template ignored: could not match 'multimap' against 'MaliciousShamirShare<gfp_<0, 4> >::gfp_'
 2106 | operator!=(const multimap<_Key, _Tp, _Compare, _Allocator>& __x, const multimap<_Key, _Tp, _Compare, _Allocator>& __y) {
      | ^
/Library/Developer/CommandLineTools/SDKs/MacOSX.sdk/usr/include/c++/v1/deque:2530:35: note: candidate template ignored: could not match 'deque' against 'MaliciousShamirShare<gfp_<0, 4> >::gfp_'
 2530 | inline _LIBCPP_HIDE_FROM_ABI bool operator!=(const deque<_Tp, _Allocator>& __x, const deque<_Tp, _Allocator>& __y) {
      |                                   ^
/Library/Developer/CommandLineTools/SDKs/MacOSX.sdk/usr/include/c++/v1/queue:473:35: note: candidate template ignored: could not match 'queue' against 'MaliciousShamirShare<gfp_<0, 4> >::gfp_'
  473 | inline _LIBCPP_HIDE_FROM_ABI bool operator!=(const queue<_Tp, _Container>& __x, const queue<_Tp, _Container>& __y) {
      |                                   ^
/Library/Developer/CommandLineTools/SDKs/MacOSX.sdk/usr/include/c++/v1/stack:329:35: note: candidate template ignored: could not match 'stack' against 'MaliciousShamirShare<gfp_<0, 4> >::gfp_'
  329 | inline _LIBCPP_HIDE_FROM_ABI bool operator!=(const stack<_Tp, _Container>& __x, const stack<_Tp, _Container>& __y) {
      |                                   ^
/Library/Developer/CommandLineTools/SDKs/MacOSX.sdk/usr/include/c++/v1/set:969:1: note: candidate template ignored: could not match 'set' against 'MaliciousShamirShare<gfp_<0, 4> >::gfp_'
  969 | operator!=(const set<_Key, _Compare, _Allocator>& __x, const set<_Key, _Compare, _Allocator>& __y) {
      | ^
/Library/Developer/CommandLineTools/SDKs/MacOSX.sdk/usr/include/c++/v1/set:1428:1: note: candidate template ignored: could not match 'multiset' against 'MaliciousShamirShare<gfp_<0, 4> >::gfp_'
 1428 | operator!=(const multiset<_Key, _Compare, _Allocator>& __x, const multiset<_Key, _Compare, _Allocator>& __y) {
      | ^
/opt/homebrew/include/gmpxx.h:3340:41: note: candidate template ignored: could not match '__gmp_expr' against 'MaliciousShamirShare<gfp_<0, 4> >::gfp_'
 3340 | __GMP_DEFINE_BINARY_TYPE_FUNCTION(bool, operator!=, ! __gmp_binary_equal)
      |                                         ^
/opt/homebrew/include/gmpxx.h:3340:41: note: candidate template ignored: could not match '__gmp_expr' against 'MaliciousShamirShare<gfp_<0, 4> >::gfp_'
/opt/homebrew/include/gmpxx.h:3340:41: note: candidate template ignored: could not match '__gmp_expr<T, U>' against 'int128'
/opt/homebrew/include/gmpxx.h:3340:41: note: candidate template ignored: could not match '__gmp_expr' against 'MaliciousShamirShare<gfp_<0, 4> >::gfp_'
/opt/homebrew/include/gmpxx.h:3340:41: note: candidate template ignored: could not match '__gmp_expr<T, U>' against 'int128'
/opt/homebrew/include/gmpxx.h:3340:41: note: candidate template ignored: could not match '__gmp_expr' against 'MaliciousShamirShare<gfp_<0, 4> >::gfp_'
/opt/homebrew/include/gmpxx.h:3340:41: note: candidate template ignored: could not match '__gmp_expr<T, U>' against 'int128'
/opt/homebrew/include/gmpxx.h:3340:41: note: candidate template ignored: could not match '__gmp_expr' against 'MaliciousShamirShare<gfp_<0, 4> >::gfp_'
/opt/homebrew/include/gmpxx.h:3340:41: note: candidate template ignored: could not match '__gmp_expr<T, U>' against 'int128'
/opt/homebrew/include/gmpxx.h:3340:41: note: candidate template ignored: could not match '__gmp_expr' against 'MaliciousShamirShare<gfp_<0, 4> >::gfp_'
/opt/homebrew/include/gmpxx.h:3340:41: note: candidate template ignored: could not match '__gmp_expr<T, U>' against 'int128'
/opt/homebrew/include/gmpxx.h:3340:41: note: candidate template ignored: could not match '__gmp_expr' against 'MaliciousShamirShare<gfp_<0, 4> >::gfp_'
/opt/homebrew/include/gmpxx.h:3340:41: note: candidate template ignored: could not match '__gmp_expr<T, U>' against 'int128'
/opt/homebrew/include/gmpxx.h:3340:41: note: candidate template ignored: could not match '__gmp_expr' against 'MaliciousShamirShare<gfp_<0, 4> >::gfp_'
/opt/homebrew/include/gmpxx.h:3340:41: note: candidate template ignored: could not match '__gmp_expr<T, U>' against 'int128'
/opt/homebrew/include/gmpxx.h:3340:41: note: candidate template ignored: could not match '__gmp_expr' against 'MaliciousShamirShare<gfp_<0, 4> >::gfp_'
/opt/homebrew/include/gmpxx.h:3340:41: note: candidate template ignored: could not match '__gmp_expr<T, U>' against 'int128'
/opt/homebrew/include/gmpxx.h:3340:41: note: candidate template ignored: could not match '__gmp_expr' against 'MaliciousShamirShare<gfp_<0, 4> >::gfp_'
/opt/homebrew/include/gmpxx.h:3340:41: note: candidate template ignored: could not match '__gmp_expr<T, U>' against 'int128'
/opt/homebrew/include/gmpxx.h:3340:41: note: candidate template ignored: could not match '__gmp_expr' against 'MaliciousShamirShare<gfp_<0, 4> >::gfp_'
/opt/homebrew/include/gmpxx.h:3340:41: note: candidate template ignored: could not match '__gmp_expr<T, U>' against 'int128'
/Library/Developer/CommandLineTools/SDKs/MacOSX.sdk/usr/include/c++/v1/forward_list:1489:1: note: candidate template ignored: could not match 'forward_list' against 'MaliciousShamirShare<gfp_<0, 4> >::gfp_'
 1489 | operator!=(const forward_list<_Tp, _Alloc>& __x, const forward_list<_Tp, _Alloc>& __y) {
      | ^
./Math/gfp.h:186:8: note: candidate function not viable: no known conversion from 'int128' to 'const gfp_<0, 4>' for 1st argument
  186 |   bool operator!=(const gfp_& y) const { return !equal(y); }
      |        ^          ~~~~~~~~~~~~~
In file included from Machines/malicious-shamir-party.cpp:8:
In file included from ./Machines/MalRep.hpp:9:
In file included from ./Protocols/MalRepRingPrep.hpp:15:
./Protocols/ShuffleSacrifice.hpp:169:42: error: invalid operands to binary expression ('typename MaliciousShamirShare<gfp_<0, 4>>::clear' (aka 'gfp_<0, 4>') and 'int128')
  169 |         if (typename T::clear(opened[i]) != bits[i].get())
      |             ~~~~~~~~~~~~~~~~~~~~~~~~~~~~ ^  ~~~~~~~~~~~~~
/Library/Developer/CommandLineTools/SDKs/MacOSX.sdk/usr/include/c++/v1/__variant/monostate.h:38:45: note: candidate function not viable: no known conversion from 'typename MaliciousShamirShare<gfp_<0, 4>>::clear' (aka 'gfp_<0, 4>') to 'monostate' for 1st argument
   38 | _LIBCPP_HIDE_FROM_ABI inline constexpr bool operator!=(monostate, monostate) noexcept { return false; }
      |                                             ^          ~~~~~~~~~
/Library/Developer/CommandLineTools/SDKs/MacOSX.sdk/usr/include/c++/v1/__system_error/error_condition.h:102:35: note: candidate function not viable: no known conversion from 'typename MaliciousShamirShare<gfp_<0, 4>>::clear' (aka 'gfp_<0, 4>') to 'const error_condition' for 1st argument
  102 | inline _LIBCPP_HIDE_FROM_ABI bool operator!=(const error_condition& __x, const error_condition& __y) _NOEXCEPT {
      |                                   ^          ~~~~~~~~~~~~~~~~~~~~~~~~~~
/Library/Developer/CommandLineTools/SDKs/MacOSX.sdk/usr/include/c++/v1/__system_error/error_code.h:108:35: note: candidate function not viable: no known conversion from 'typename MaliciousShamirShare<gfp_<0, 4>>::clear' (aka 'gfp_<0, 4>') to 'const error_code' for 1st argument
  108 | inline _LIBCPP_HIDE_FROM_ABI bool operator!=(const error_code& __x, const error_code& __y) _NOEXCEPT {
      |                                   ^          ~~~~~~~~~~~~~~~~~~~~~
/Library/Developer/CommandLineTools/SDKs/MacOSX.sdk/usr/include/c++/v1/__system_error/error_code.h:112:35: note: candidate function not viable: no known conversion from 'typename MaliciousShamirShare<gfp_<0, 4>>::clear' (aka 'gfp_<0, 4>') to 'const error_code' for 1st argument
  112 | inline _LIBCPP_HIDE_FROM_ABI bool operator!=(const error_code& __x, const error_condition& __y) _NOEXCEPT {
      |                                   ^          ~~~~~~~~~~~~~~~~~~~~~
/Library/Developer/CommandLineTools/SDKs/MacOSX.sdk/usr/include/c++/v1/__system_error/error_code.h:116:35: note: candidate function not viable: no known conversion from 'typename MaliciousShamirShare<gfp_<0, 4>>::clear' (aka 'gfp_<0, 4>') to 'const error_condition' for 1st argument
  116 | inline _LIBCPP_HIDE_FROM_ABI bool operator!=(const error_condition& __x, const error_code& __y) _NOEXCEPT {
      |                                   ^          ~~~~~~~~~~~~~~~~~~~~~~~~~~
/Library/Developer/CommandLineTools/SDKs/MacOSX.sdk/usr/include/c++/v1/__thread/id.h:89:35: note: candidate function not viable: no known conversion from 'typename MaliciousShamirShare<gfp_<0, 4>>::clear' (aka 'gfp_<0, 4>') to '__thread_id' for 1st argument
   89 | inline _LIBCPP_HIDE_FROM_ABI bool operator!=(__thread_id __x, __thread_id __y) _NOEXCEPT { return !(__x == __y); }
      |                                   ^          ~~~~~~~~~~~~~~~
/Library/Developer/CommandLineTools/SDKs/MacOSX.sdk/usr/include/c++/v1/__utility/pair.h:512:1: note: candidate template ignored: could not match 'pair' against 'MaliciousShamirShare<gfp_<0, 4> >::gfp_'
  512 | operator!=(const pair<_T1, _T2>& __x, const pair<_U1, _U2>& __y) {
      | ^
/Library/Developer/CommandLineTools/SDKs/MacOSX.sdk/usr/include/c++/v1/__iterator/reverse_iterator.h:230:1: note: candidate template ignored: could not match 'reverse_iterator' against 'MaliciousShamirShare<gfp_<0, 4> >::gfp_'
  230 | operator!=(const reverse_iterator<_Iter1>& __x, const reverse_iterator<_Iter2>& __y)
      | ^
/Library/Developer/CommandLineTools/SDKs/MacOSX.sdk/usr/include/c++/v1/__iterator/wrap_iter.h:140:1: note: candidate template ignored: could not match '__wrap_iter' against 'MaliciousShamirShare<gfp_<0, 4> >::gfp_'
  140 | operator!=(const __wrap_iter<_Iter1>& __x, const __wrap_iter<_Iter1>& __y) _NOEXCEPT {
      | ^
/Library/Developer/CommandLineTools/SDKs/MacOSX.sdk/usr/include/c++/v1/__iterator/wrap_iter.h:146:1: note: candidate template ignored: could not match '__wrap_iter' against 'MaliciousShamirShare<gfp_<0, 4> >::gfp_'
  146 | operator!=(const __wrap_iter<_Iter1>& __x, const __wrap_iter<_Iter2>& __y) _NOEXCEPT {
      | ^
/Library/Developer/CommandLineTools/SDKs/MacOSX.sdk/usr/include/c++/v1/string_view:762:1: note: candidate template ignored: could not match 'basic_string_view' against 'MaliciousShamirShare<gfp_<0, 4> >::gfp_'
  762 | operator!=(basic_string_view<_CharT, _Traits> __lhs, basic_string_view<_CharT, _Traits> __rhs) _NOEXCEPT {
      | ^
/Library/Developer/CommandLineTools/SDKs/MacOSX.sdk/usr/include/c++/v1/string_view:770:1: note: candidate template ignored: could not match 'basic_string_view' against 'MaliciousShamirShare<gfp_<0, 4> >::gfp_'
  770 | operator!=(basic_string_view<_CharT, _Traits> __lhs,
      | ^
/Library/Developer/CommandLineTools/SDKs/MacOSX.sdk/usr/include/c++/v1/string_view:779:1: note: candidate template ignored: could not match 'basic_string_view<_CharT, _Traits>' against 'int128'
  779 | operator!=(__type_identity_t<basic_string_view<_CharT, _Traits> > __lhs,
      | ^
/Library/Developer/CommandLineTools/SDKs/MacOSX.sdk/usr/include/c++/v1/optional:999:1: note: candidate template ignored: could not match 'optional' against 'MaliciousShamirShare<gfp_<0, 4> >::gfp_'
  999 | operator!=(const optional<_Tp>& __x, const optional<_Up>& __y) {
      | ^
/Library/Developer/CommandLineTools/SDKs/MacOSX.sdk/usr/include/c++/v1/optional:1081:38: note: candidate template ignored: could not match 'optional' against 'MaliciousShamirShare<gfp_<0, 4> >::gfp_'
 1081 | _LIBCPP_HIDE_FROM_ABI constexpr bool operator!=(const optional<_Tp>& __x, nullopt_t) noexcept {
      |                                      ^
/Library/Developer/CommandLineTools/SDKs/MacOSX.sdk/usr/include/c++/v1/optional:1086:38: note: candidate template ignored: could not match 'optional<_Tp>' against 'int128'
 1086 | _LIBCPP_HIDE_FROM_ABI constexpr bool operator!=(nullopt_t, const optional<_Tp>& __x) noexcept {
      |                                      ^
/Library/Developer/CommandLineTools/SDKs/MacOSX.sdk/usr/include/c++/v1/optional:1160:1: note: candidate template ignored: could not match 'optional' against 'MaliciousShamirShare<gfp_<0, 4> >::gfp_'
 1160 | operator!=(const optional<_Tp>& __x, const _Up& __v) {
      | ^
/Library/Developer/CommandLineTools/SDKs/MacOSX.sdk/usr/include/c++/v1/optional:1168:1: note: candidate template ignored: could not match 'optional<_Up>' against 'int128'
 1168 | operator!=(const _Tp& __v, const optional<_Up>& __x) {
      | ^
/Library/Developer/CommandLineTools/SDKs/MacOSX.sdk/usr/include/c++/v1/__iterator/istream_iterator.h:93:35: note: candidate template ignored: could not match 'istream_iterator' against 'MaliciousShamirShare<gfp_<0, 4> >::gfp_'
   93 | inline _LIBCPP_HIDE_FROM_ABI bool operator!=(const istream_iterator<_Tp, _CharT, _Traits, _Distance>& __x,
      |                                   ^
/Library/Developer/CommandLineTools/SDKs/MacOSX.sdk/usr/include/c++/v1/__iterator/istreambuf_iterator.h:102:1: note: candidate template ignored: could not match 'istreambuf_iterator' against 'MaliciousShamirShare<gfp_<0, 4> >::gfp_'
  102 | operator!=(const istreambuf_iterator<_CharT, _Traits>& __a, const istreambuf_iterator<_CharT, _Traits>& __b) {
      | ^
/Library/Developer/CommandLineTools/SDKs/MacOSX.sdk/usr/include/c++/v1/__iterator/move_iterator.h:262:1: note: candidate template ignored: could not match 'move_iterator' against 'MaliciousShamirShare<gfp_<0, 4> >::gfp_'
  262 | operator!=(const move_iterator<_Iter1>& __x, const move_iterator<_Iter2>& __y) {
      | ^
/Library/Developer/CommandLineTools/SDKs/MacOSX.sdk/usr/include/c++/v1/variant:1500:38: note: candidate template ignored: could not match 'variant' against 'MaliciousShamirShare<gfp_<0, 4> >::gfp_'
 1500 | _LIBCPP_HIDE_FROM_ABI constexpr bool operator!=(const variant<_Types...>& __lhs, const variant<_Types...>& __rhs) {
      |                                      ^
/Library/Developer/CommandLineTools/SDKs/MacOSX.sdk/usr/include/c++/v1/tuple:1179:1: note: candidate template ignored: could not match 'tuple' against 'MaliciousShamirShare<gfp_<0, 4> >::gfp_'
 1179 | operator!=(const tuple<_Tp...>& __x, const tuple<_Up...>& __y) {
      | ^
/Library/Developer/CommandLineTools/SDKs/MacOSX.sdk/usr/include/c++/v1/__memory/allocator.h:260:35: note: candidate template ignored: could not match 'allocator' against 'MaliciousShamirShare<gfp_<0, 4> >::gfp_'
  260 | inline _LIBCPP_HIDE_FROM_ABI bool operator!=(const allocator<_Tp>&, const allocator<_Up>&) _NOEXCEPT {
      |                                   ^
/Library/Developer/CommandLineTools/SDKs/MacOSX.sdk/usr/include/c++/v1/__memory/unique_ptr.h:503:35: note: candidate template ignored: could not match 'unique_ptr' against 'MaliciousShamirShare<gfp_<0, 4> >::gfp_'
  503 | inline _LIBCPP_HIDE_FROM_ABI bool operator!=(const unique_ptr<_T1, _D1>& __x, const unique_ptr<_T2, _D2>& __y) {
      |                                   ^
/Library/Developer/CommandLineTools/SDKs/MacOSX.sdk/usr/include/c++/v1/__memory/unique_ptr.h:554:35: note: candidate template ignored: could not match 'unique_ptr' against 'MaliciousShamirShare<gfp_<0, 4> >::gfp_'
  554 | inline _LIBCPP_HIDE_FROM_ABI bool operator!=(const unique_ptr<_T1, _D1>& __x, nullptr_t) _NOEXCEPT {
      |                                   ^
/Library/Developer/CommandLineTools/SDKs/MacOSX.sdk/usr/include/c++/v1/__memory/unique_ptr.h:559:35: note: candidate template ignored: could not match 'unique_ptr<_T1, _D1>' against 'int128'
  559 | inline _LIBCPP_HIDE_FROM_ABI bool operator!=(nullptr_t, const unique_ptr<_T1, _D1>& __x) _NOEXCEPT {
      |                                   ^
/Library/Developer/CommandLineTools/SDKs/MacOSX.sdk/usr/include/c++/v1/__memory/shared_ptr.h:1132:35: note: candidate template ignored: could not match 'shared_ptr' against 'MaliciousShamirShare<gfp_<0, 4> >::gfp_'
 1132 | inline _LIBCPP_HIDE_FROM_ABI bool operator!=(const shared_ptr<_Tp>& __x, const shared_ptr<_Up>& __y) _NOEXCEPT {
      |                                   ^
/Library/Developer/CommandLineTools/SDKs/MacOSX.sdk/usr/include/c++/v1/__memory/shared_ptr.h:1183:35: note: candidate template ignored: could not match 'shared_ptr' against 'MaliciousShamirShare<gfp_<0, 4> >::gfp_'
 1183 | inline _LIBCPP_HIDE_FROM_ABI bool operator!=(const shared_ptr<_Tp>& __x, nullptr_t) _NOEXCEPT {
      |                                   ^
/Library/Developer/CommandLineTools/SDKs/MacOSX.sdk/usr/include/c++/v1/__memory/shared_ptr.h:1188:35: note: candidate template ignored: could not match 'shared_ptr<_Tp>' against 'int128'
 1188 | inline _LIBCPP_HIDE_FROM_ABI bool operator!=(nullptr_t, const shared_ptr<_Tp>& __x) _NOEXCEPT {
      |                                   ^
/Library/Developer/CommandLineTools/SDKs/MacOSX.sdk/usr/include/c++/v1/__ios/fpos.h:70:35: note: candidate template ignored: could not match 'fpos' against 'MaliciousShamirShare<gfp_<0, 4> >::gfp_'
   70 | inline _LIBCPP_HIDE_FROM_ABI bool operator!=(const fpos<_StateT>& __x, const fpos<_StateT>& __y) {
      |                                   ^
/Library/Developer/CommandLineTools/SDKs/MacOSX.sdk/usr/include/c++/v1/string:3888:35: note: candidate template ignored: could not match 'basic_string' against 'MaliciousShamirShare<gfp_<0, 4> >::gfp_'
 3888 | inline _LIBCPP_HIDE_FROM_ABI bool operator!=(const basic_string<_CharT, _Traits, _Allocator>& __lhs,
      |                                   ^
/Library/Developer/CommandLineTools/SDKs/MacOSX.sdk/usr/include/c++/v1/string:3895:1: note: candidate template ignored: could not match 'const _CharT *' against 'typename MaliciousShamirShare<gfp_<0, 4>>::clear' (aka 'gfp_<0, 4>')
 3895 | operator!=(const _CharT* __lhs, const basic_string<_CharT, _Traits, _Allocator>& __rhs) _NOEXCEPT {
      | ^
/Library/Developer/CommandLineTools/SDKs/MacOSX.sdk/usr/include/c++/v1/string:3901:1: note: candidate template ignored: could not match 'basic_string' against 'MaliciousShamirShare<gfp_<0, 4> >::gfp_'
 3901 | operator!=(const basic_string<_CharT, _Traits, _Allocator>& __lhs, const _CharT* __rhs) _NOEXCEPT {
      | ^
/Library/Developer/CommandLineTools/SDKs/MacOSX.sdk/usr/include/c++/v1/array:396:35: note: candidate template ignored: could not match 'array' against 'MaliciousShamirShare<gfp_<0, 4> >::gfp_'
  396 | inline _LIBCPP_HIDE_FROM_ABI bool operator!=(const array<_Tp, _Size>& __x, const array<_Tp, _Size>& __y) {
      |                                   ^
/Library/Developer/CommandLineTools/SDKs/MacOSX.sdk/usr/include/c++/v1/vector:2915:35: note: candidate template ignored: could not match 'vector' against 'MaliciousShamirShare<gfp_<0, 4> >::gfp_'
 2915 | inline _LIBCPP_HIDE_FROM_ABI bool operator!=(const vector<_Tp, _Allocator>& __x, const vector<_Tp, _Allocator>& __y) {
      |                                   ^
/Library/Developer/CommandLineTools/SDKs/MacOSX.sdk/usr/include/c++/v1/list:1659:35: note: candidate template ignored: could not match 'list' against 'MaliciousShamirShare<gfp_<0, 4> >::gfp_'
 1659 | inline _LIBCPP_HIDE_FROM_ABI bool operator!=(const list<_Tp, _Alloc>& __x, const list<_Tp, _Alloc>& __y) {
      |                                   ^
/Library/Developer/CommandLineTools/SDKs/MacOSX.sdk/usr/include/c++/v1/__functional/function.h:1026:35: note: candidate template ignored: could not match 'function' against 'MaliciousShamirShare<gfp_<0, 4> >::gfp_'
 1026 | inline _LIBCPP_HIDE_FROM_ABI bool operator!=(const function<_Rp(_ArgTypes...)>& __f, nullptr_t) _NOEXCEPT {
      |                                   ^
/Library/Developer/CommandLineTools/SDKs/MacOSX.sdk/usr/include/c++/v1/__functional/function.h:1031:35: note: candidate template ignored: could not match 'function<_Rp (_ArgTypes...)>' against 'int128'
 1031 | inline _LIBCPP_HIDE_FROM_ABI bool operator!=(nullptr_t, const function<_Rp(_ArgTypes...)>& __f) _NOEXCEPT {
      |                                   ^
/Library/Developer/CommandLineTools/SDKs/MacOSX.sdk/usr/include/c++/v1/unordered_map:1819:35: note: candidate template ignored: could not match 'unordered_map' against 'MaliciousShamirShare<gfp_<0, 4> >::gfp_'
 1819 | inline _LIBCPP_HIDE_FROM_ABI bool operator!=(const unordered_map<_Key, _Tp, _Hash, _Pred, _Alloc>& __x,
      |                                   ^
/Library/Developer/CommandLineTools/SDKs/MacOSX.sdk/usr/include/c++/v1/unordered_map:2509:35: note: candidate template ignored: could not match 'unordered_multimap' against 'MaliciousShamirShare<gfp_<0, 4> >::gfp_'
 2509 | inline _LIBCPP_HIDE_FROM_ABI bool operator!=(const unordered_multimap<_Key, _Tp, _Hash, _Pred, _Alloc>& __x,
      |                                   ^
/Library/Developer/CommandLineTools/SDKs/MacOSX.sdk/usr/include/c++/v1/map:1593:1: note: candidate template ignored: could not match 'map' against 'MaliciousShamirShare<gfp_<0, 4> >::gfp_'
 1593 | operator!=(const map<_Key, _Tp, _Compare, _Allocator>& __x, const map<_Key, _Tp, _Compare, _Allocator>& __y) {
      | ^
/Library/Developer/CommandLineTools/SDKs/MacOSX.sdk/usr/include/c++/v1/map:2106:1: note: candidate template ignored: could not match 'multimap' against 'MaliciousShamirShare<gfp_<0, 4> >::gfp_'
 2106 | operator!=(const multimap<_Key, _Tp, _Compare, _Allocator>& __x, const multimap<_Key, _Tp, _Compare, _Allocator>& __y) {
      | ^
/Library/Developer/CommandLineTools/SDKs/MacOSX.sdk/usr/include/c++/v1/deque:2530:35: note: candidate template ignored: could not match 'deque' against 'MaliciousShamirShare<gfp_<0, 4> >::gfp_'
 2530 | inline _LIBCPP_HIDE_FROM_ABI bool operator!=(const deque<_Tp, _Allocator>& __x, const deque<_Tp, _Allocator>& __y) {
      |                                   ^
/Library/Developer/CommandLineTools/SDKs/MacOSX.sdk/usr/include/c++/v1/queue:473:35: note: candidate template ignored: could not match 'queue' against 'MaliciousShamirShare<gfp_<0, 4> >::gfp_'
  473 | inline _LIBCPP_HIDE_FROM_ABI bool operator!=(const queue<_Tp, _Container>& __x, const queue<_Tp, _Container>& __y) {
      |                                   ^
/Library/Developer/CommandLineTools/SDKs/MacOSX.sdk/usr/include/c++/v1/stack:329:35: note: candidate template ignored: could not match 'stack' against 'MaliciousShamirShare<gfp_<0, 4> >::gfp_'
  329 | inline _LIBCPP_HIDE_FROM_ABI bool operator!=(const stack<_Tp, _Container>& __x, const stack<_Tp, _Container>& __y) {
      |                                   ^
/Library/Developer/CommandLineTools/SDKs/MacOSX.sdk/usr/include/c++/v1/set:969:1: note: candidate template ignored: could not match 'set' against 'MaliciousShamirShare<gfp_<0, 4> >::gfp_'
  969 | operator!=(const set<_Key, _Compare, _Allocator>& __x, const set<_Key, _Compare, _Allocator>& __y) {
      | ^
/Library/Developer/CommandLineTools/SDKs/MacOSX.sdk/usr/include/c++/v1/set:1428:1: note: candidate template ignored: could not match 'multiset' against 'MaliciousShamirShare<gfp_<0, 4> >::gfp_'
 1428 | operator!=(const multiset<_Key, _Compare, _Allocator>& __x, const multiset<_Key, _Compare, _Allocator>& __y) {
      | ^
/opt/homebrew/include/gmpxx.h:3340:41: note: candidate template ignored: could not match '__gmp_expr' against 'MaliciousShamirShare<gfp_<0, 4> >::gfp_'
 3340 | __GMP_DEFINE_BINARY_TYPE_FUNCTION(bool, operator!=, ! __gmp_binary_equal)
      |                                         ^
/opt/homebrew/include/gmpxx.h:3340:41: note: candidate template ignored: could not match '__gmp_expr' against 'MaliciousShamirShare<gfp_<0, 4> >::gfp_'
/opt/homebrew/include/gmpxx.h:3340:41: note: candidate template ignored: could not match '__gmp_expr<T, U>' against 'int128'
/opt/homebrew/include/gmpxx.h:3340:41: note: candidate template ignored: could not match '__gmp_expr' against 'MaliciousShamirShare<gfp_<0, 4> >::gfp_'
/opt/homebrew/include/gmpxx.h:3340:41: note: candidate template ignored: could not match '__gmp_expr<T, U>' against 'int128'
/opt/homebrew/include/gmpxx.h:3340:41: note: candidate template ignored: could not match '__gmp_expr' against 'MaliciousShamirShare<gfp_<0, 4> >::gfp_'
/opt/homebrew/include/gmpxx.h:3340:41: note: candidate template ignored: could not match '__gmp_expr<T, U>' against 'int128'
/opt/homebrew/include/gmpxx.h:3340:41: note: candidate template ignored: could not match '__gmp_expr' against 'MaliciousShamirShare<gfp_<0, 4> >::gfp_'
/opt/homebrew/include/gmpxx.h:3340:41: note: candidate template ignored: could not match '__gmp_expr<T, U>' against 'int128'
/opt/homebrew/include/gmpxx.h:3340:41: note: candidate template ignored: could not match '__gmp_expr' against 'MaliciousShamirShare<gfp_<0, 4> >::gfp_'
/opt/homebrew/include/gmpxx.h:3340:41: note: candidate template ignored: could not match '__gmp_expr<T, U>' against 'int128'
/opt/homebrew/include/gmpxx.h:3340:41: note: candidate template ignored: could not match '__gmp_expr' against 'MaliciousShamirShare<gfp_<0, 4> >::gfp_'
/opt/homebrew/include/gmpxx.h:3340:41: note: candidate template ignored: could not match '__gmp_expr<T, U>' against 'int128'
/opt/homebrew/include/gmpxx.h:3340:41: note: candidate template ignored: could not match '__gmp_expr' against 'MaliciousShamirShare<gfp_<0, 4> >::gfp_'
/opt/homebrew/include/gmpxx.h:3340:41: note: candidate template ignored: could not match '__gmp_expr<T, U>' against 'int128'
/opt/homebrew/include/gmpxx.h:3340:41: note: candidate template ignored: could not match '__gmp_expr' against 'MaliciousShamirShare<gfp_<0, 4> >::gfp_'
/opt/homebrew/include/gmpxx.h:3340:41: note: candidate template ignored: could not match '__gmp_expr<T, U>' against 'int128'
/opt/homebrew/include/gmpxx.h:3340:41: note: candidate template ignored: could not match '__gmp_expr' against 'MaliciousShamirShare<gfp_<0, 4> >::gfp_'
/opt/homebrew/include/gmpxx.h:3340:41: note: candidate template ignored: could not match '__gmp_expr<T, U>' against 'int128'
/opt/homebrew/include/gmpxx.h:3340:41: note: candidate template ignored: could not match '__gmp_expr' against 'MaliciousShamirShare<gfp_<0, 4> >::gfp_'
/opt/homebrew/include/gmpxx.h:3340:41: note: candidate template ignored: could not match '__gmp_expr<T, U>' against 'int128'
/Library/Developer/CommandLineTools/SDKs/MacOSX.sdk/usr/include/c++/v1/forward_list:1489:1: note: candidate template ignored: could not match 'forward_list' against 'MaliciousShamirShare<gfp_<0, 4> >::gfp_'
 1489 | operator!=(const forward_list<_Tp, _Alloc>& __x, const forward_list<_Tp, _Alloc>& __y) {
      | ^
./Math/gfp.h:186:8: note: candidate function not viable: no known conversion from 'int128' to 'const gfp_<0, 4>' for 1st argument
  186 |   bool operator!=(const gfp_& y) const { return !equal(y); }
      |        ^          ~~~~~~~~~~~~~
16 errors generated.
make: *** [Machines/malicious-shamir-party.o] Error 1
